"Sample_Name","Biological_Replicate","Technical_Replicate","Negative_control","Cruise_ID_short","Cruise_ID_long","Cast_No.","Rosette_position","Field_collection_method","Preservation","Station","Depth_m_notes","Sample_volume_ml","Personnel_responsible_for_Collecting_Sample","Field_Notes","Date_UTC_notes","Lat_notes","Lon_notes","verbatimEventDate","verbatimEventTime","verbatimLongitude","verbatimLatitude","verbatimCoordinateSystem","Date_UTC_btl","btl_bottle","btl_oxy_concM_ch1..ml.l.","btl_oxy_percentsat_ch1..percent.","btl_oxy_conc_ch1..micromole.kg.","btl_salinity_ch1..PSU.","btl_salinity_ch2..PSU.","btl_sigma_t_ch1","btl_sigma_t_ch2","btl_chlor_fluorescence..ugrams.l.","btl_temperature_ch1..degree_C.","btl_temperature_ch2..degree_C.","btl_turbidity..NTU.","btl_pressure..decibar.","btl_latitude..degrees_north.","btl_longitude..degrees_east.","btl_time..UTC.","btl_profile_id","btl_holder1","btl_Cast"
"E1717.NC.DY2306",NA,NA,TRUE,"DY2306","EcoFOCI Spring Mooring",NA,NA,"Sterivex 0.22µm filter","95% EtOH",NA,NA,1000,"Shannon Brown","",NA,NA,NA,NA,NA,NA,NA,NA,NA,NA,NA,NA,NA,NA,NA,NA,NA,NA,NA,NA,NA,NA,NA,NA,NA,NA,NA,NA
"E1718.DY2306",1,1,FALSE,"DY2306","EcoFOCI Spring Mooring",4,1,"Niskin; Sterivex 0.22µm filter","95% EtOH","UBS2",133,1000,"Shannon Brown","Lost the 10 m sample as the Niskin didn't close","2023/04/24 08:51:00",54.4225,-165.147666666667,"4/24/2023","8:51","165°08.86' W","54°25.35' N","degrees minutes seconds","2023/04/24 08:51:00",1,7.3127,99.448,318.349,32.5947,32.5971,25.8677,25.8695,0.3252,4.0554,4.0554,0.4115,135.51,54.40583333333333,-165.14766666666668,"2023-04-24T08:51:00Z","DY2306c004_btl","004_btl",4
"E1719.DY2306",1,1,FALSE,"DY2306","EcoFOCI Spring Mooring",4,7,"Niskin; Sterivex 0.22µm filter","95% EtOH","UBS2",30,1000,"Shannon Brown","Lost the 10 m sample as the Niskin didn't close","2023/04/24 08:51:00",54.4225,-165.147666666667,"4/24/2023","8:51","165°08.86' W","54°25.35' N","degrees minutes seconds","2023/04/24 08:51:00",7,8.338,112.965,363.146,32.0308,32.0351,25.4193,25.4227,1.9902,4.0567,4.0572,0.3467,29.952,54.40583333333333,-165.14766666666668,"2023-04-24T08:51:00Z","DY2306c004_btl","004_btl",4
"E1720.DY2306",1,1,FALSE,"DY2306","EcoFOCI Spring Mooring",7,1,"Niskin; Sterivex 0.22µm filter","95% EtOH","UBW1",467,1000,"Shannon Brown","","2023/04/24 14:44:00",54.3601666666667,-165.931666666667,"4/24/2023","14:44","165°55.90' W","54°21.61' N","degrees minutes seconds","2023/04/24 14:44:00",1,2.7831,38.216,121.062,33.6372,33.638,26.6853,26.6856,0.0277,4.1642,4.1679,0.0811,471.772,54.360166666666665,-165.93166666666667,"2023-04-24T14:44:00Z","DY2306c007_btl","007_btl",7
"E1721.DY2306",1,1,FALSE,"DY2306","EcoFOCI Spring Mooring",7,8,"Niskin; Sterivex 0.22µm filter","95% EtOH","UBW1",30,1000,"Shannon Brown","","2023/04/24 14:44:00",54.3601666666667,-165.931666666667,"4/24/2023","14:44","165°55.90' W","54°21.61' N","degrees minutes seconds","2023/04/24 14:44:00",8,8.5335,115.319,371.546,32.393,32.3962,25.7271,25.7296,1.078,3.8519,3.8524,0.1718,30.392,54.360166666666665,-165.93166666666667,"2023-04-24T14:44:00Z","DY2306c007_btl","007_btl",7
"E1722.DY2306",1,1,FALSE,"DY2306","EcoFOCI Spring Mooring",7,10,"Niskin; Sterivex 0.22µm filter","95% EtOH","UBW1",10,1000,"Shannon Brown","","2023/04/24 14:44:00",54.3601666666667,-165.931666666667,"4/24/2023","14:44","165°55.90' W","54°21.61' N","degrees minutes seconds","2023/04/24 14:44:00",10,9.4735,129.471,412.515,32.3231,32.3262,25.6238,25.6264,6.1454,4.3348,4.3338,0.5047,10.404,54.360166666666665,-165.93166666666667,"2023-04-24T14:44:00Z","DY2306c007_btl","007_btl",7
"E1723.DY2306",1,1,FALSE,"DY2306","EcoFOCI Spring Mooring",10,1,"Niskin; Sterivex 0.22µm filter","95% EtOH","UBW4",287,1000,"Shannon Brown","Stored in fridge for ~2 hours before filtering","2023/04/24 22:34:00",54.6868333333333,-166.230166666667,"4/24/2023","22:34","166°13.81' W","54°41.21' N","degrees minutes seconds","2023/04/24 22:34:00",1,3.5711,49.134,155.359,33.4956,33.4983,26.5602,26.5623,0.0214,4.2859,4.286,0.2261,290.247,54.68683333333333,-166.23016666666666,"2023-04-24T22:34:00Z","DY2306c010_btl","010_btl",10
"E1724.DY2306",1,1,FALSE,"DY2306","EcoFOCI Spring Mooring",10,7,"Niskin; Sterivex 0.22µm filter","95% EtOH","UBW4",40,1000,"Shannon Brown","Stored in fridge for ~2 hours before filtering","2023/04/24 22:34:00",54.6868333333333,-166.230166666667,"4/24/2023","22:34","166°13.81' W","54°41.21' N","degrees minutes seconds","2023/04/24 22:34:00",7,8.7377,119.105,380.475,32.3151,32.3154,25.6281,25.6276,3.2748,4.2294,4.2365,0.3193,30.162,54.68683333333333,-166.23016666666666,"2023-04-24T22:34:00Z","DY2306c010_btl","010_btl",10
"E1725.DY2306",1,1,FALSE,"DY2306","EcoFOCI Spring Mooring",10,9,"Niskin; Sterivex 0.22µm filter","95% EtOH","UBW4",10,1000,"Shannon Brown","Stored in fridge for ~2 hours before filtering","2023/04/24 22:34:00",54.6868333333333,-166.230166666667,"4/24/2023","22:34","166°13.81' W","54°41.21' N","degrees minutes seconds","2023/04/24 22:34:00",9,8.7155,118.883,379.513,32.3039,32.3069,25.6161,25.6184,2.7084,4.2603,4.2609,0.3253,10.924,54.68683333333333,-166.23016666666666,"2023-04-24T22:34:00Z","DY2306c010_btl","010_btl",10
"E1726.DY2306",1,1,FALSE,"DY2306","EcoFOCI Spring Mooring",14,1,"Niskin; Sterivex 0.22µm filter","95% EtOH","UBN4",121,1000,"Shannon Brown","","2023/04/25 06:00:00",54.9351666666667,-165.4825,"4/25/2023","6:00","165°28.95' W","54°56.11' N","degrees minutes seconds","2023/04/25 06:00:00",1,6.7217,91.765,292.561,32.8681,32.8715,26.0766,26.0793,0.0852,4.1388,4.139,0.2496,122.003,54.93516666666667,-165.4825,"2023-04-25T06:00:00Z","DY2306c014_btl","014_btl",14
"E1727.DY2306",1,1,FALSE,"DY2306","EcoFOCI Spring Mooring",14,6,"Niskin; Sterivex 0.22µm filter","95% EtOH","UBN4",30,1000,"Shannon Brown","","2023/04/25 06:00:00",54.9351666666667,-165.4825,"4/25/2023","6:00","165°28.95' W","54°56.11' N","degrees minutes seconds","2023/04/25 06:00:00",6,8.2318,111.592,358.476,32.176,32.1789,25.5362,25.5385,1.7111,4.0414,4.0416,0.253,31.001,54.93516666666667,-165.4825,"2023-04-25T06:00:00Z","DY2306c014_btl","014_btl",14
"E1728.DY2306",1,1,FALSE,"DY2306","EcoFOCI Spring Mooring",14,8,"Niskin; Sterivex 0.22µm filter","95% EtOH","UBN4",10,1000,"Shannon Brown","","2023/04/25 06:00:00",54.9351666666667,-165.4825,"4/25/2023","6:00","165°28.95' W","54°56.11' N","degrees minutes seconds","2023/04/25 06:00:00",8,8.7375,118.587,380.533,32.0806,32.0839,25.4531,25.4557,3.1885,4.1159,4.1158,0.3452,11.241,54.93516666666667,-165.4825,"2023-04-25T06:00:00Z","DY2306c014_btl","014_btl",14
"E1729.DY2306",1,1,FALSE,"DY2306","EcoFOCI Spring Mooring",16,1,"Niskin; Sterivex 0.22µm filter","95% EtOH","UBN6",110,800,"Shannon Brown","Airlocked (smaller volume filtered)","2023/04/25 08:41:00",55.0475,-165.097,"4/25/2023","8:41","165°05.82' W","55°02.85' N","degrees minutes seconds","2023/04/25 08:41:00",1,7.4973,101.778,326.393,32.5644,32.5674,25.85,25.8523,0.2876,3.9908,3.9908,0.2839,110.598,55.0475,-165.097,"2023-04-25T08:41:00Z","DY2306c016_btl","016_btl",16
"E1730.DY2306",1,1,FALSE,"DY2306","EcoFOCI Spring Mooring",16,5,"Niskin; Sterivex 0.22µm filter","95% EtOH","UBN6",30,1000,"Shannon Brown","","2023/04/25 08:41:00",55.0475,-165.097,"4/25/2023","8:41","165°05.82' W","55°02.85' N","degrees minutes seconds","2023/04/25 08:41:00",5,8.7328,118.415,380.345,32.0192,32.0221,25.4063,25.4087,3.0418,4.0952,4.0953,0.3547,30.527,55.0475,-165.097,"2023-04-25T08:41:00Z","DY2306c016_btl","016_btl",16
"E1731.DY2306",1,1,FALSE,"DY2306","EcoFOCI Spring Mooring",16,8,"Niskin; Sterivex 0.22µm filter","95% EtOH","UBN6",10,1000,"Shannon Brown","","2023/04/25 08:41:00",55.0475,-165.097,"4/25/2023","8:41","165°05.82' W","55°02.85' N","degrees minutes seconds","2023/04/25 08:41:00",8,8.5225,115.566,371.189,32.008,32.011,25.397,25.3994,3.293,4.0995,4.0993,0.3871,10.314,55.0475,-165.097,"2023-04-25T08:41:00Z","DY2306c016_btl","016_btl",16
"E1732.DY2306",1,1,FALSE,"DY2306","EcoFOCI Spring Mooring",19,1,"Niskin; Sterivex 0.22µm filter","95% EtOH","UBE3",43,1000,"Shannon Brown","","2023/04/25 13:28:00",54.722,-164.7745,"4/25/2023","13:28","164°46.47' W","54°43.32' N","degrees minutes seconds","2023/04/25 13:28:00",1,8.9651,120.624,390.562,31.6641,31.6666,25.1452,25.1472,2.5927,3.8749,3.8748,0.4574,44.066,54.722,-164.7745,"2023-04-25T13:28:00Z","DY2306c019_btl","019_btl",19
"E1733.DY2306",1,1,FALSE,"DY2306","EcoFOCI Spring Mooring",19,3,"Niskin; Sterivex 0.22µm filter","95% EtOH","UBE3",30,1000,"Shannon Brown","","2023/04/25 13:28:00",54.722,-164.7745,"4/25/2023","13:28","164°46.47' W","54°43.32' N","degrees minutes seconds","2023/04/25 13:28:00",3,8.9742,120.728,390.959,31.6553,31.6577,25.1386,25.1405,2.8155,3.8713,3.8711,0.4589,30.241,54.722,-164.7745,"2023-04-25T13:28:00Z","DY2306c019_btl","019_btl",19
"E1734.DY2306",1,1,FALSE,"DY2306","EcoFOCI Spring Mooring",19,5,"Niskin; Sterivex 0.22µm filter","95% EtOH","UBE3",10,1000,"Shannon Brown","","2023/04/25 13:28:00",54.722,-164.7745,"4/25/2023","13:28","164°46.47' W","54°43.32' N","degrees minutes seconds","2023/04/25 13:28:00",5,8.9893,120.868,391.623,31.6393,31.6417,25.1274,25.1294,2.6406,3.8543,3.8544,0.4429,10.628,54.722,-164.7745,"2023-04-25T13:28:00Z","DY2306c019_btl","019_btl",19
"E1735.DY2306",1,1,FALSE,"DY2306","EcoFOCI Spring Mooring",26,1,"Niskin; Sterivex 0.22µm filter","95% EtOH","70M26",65,1000,"Shannon Brown","","2023/04/27 02:44:00",58.2793333333333,-170.109333333333,"4/27/2023","2:44","170°06.56' W","58°16.76' N","degrees minutes seconds",NA,NA,NA,NA,NA,NA,NA,NA,NA,NA,NA,NA,NA,NA,NA,NA,NA,NA,NA,NA
"E1736.DY2306",1,1,FALSE,"DY2306","EcoFOCI Spring Mooring",26,4,"Niskin; Sterivex 0.22µm filter","95% EtOH","70M26",30,1000,"Shannon Brown","","2023/04/27 02:44:00",58.2793333333333,-170.109333333333,"4/27/2023","2:44","170°06.56' W","58°16.76' N","degrees minutes seconds",NA,NA,NA,NA,NA,NA,NA,NA,NA,NA,NA,NA,NA,NA,NA,NA,NA,NA,NA,NA
"E1737.DY2306",1,1,FALSE,"DY2306","EcoFOCI Spring Mooring",26,6,"Niskin; Sterivex 0.22µm filter","95% EtOH","70M26",10,1000,"Shannon Brown","","2023/04/27 02:44:00",58.2793333333333,-170.109333333333,"4/27/2023","2:44","170°06.56' W","58°16.76' N","degrees minutes seconds",NA,NA,NA,NA,NA,NA,NA,NA,NA,NA,NA,NA,NA,NA,NA,NA,NA,NA,NA,NA
"E1738.DY2306",1,1,FALSE,"DY2306","EcoFOCI Spring Mooring",24,1,"Niskin; Sterivex 0.22µm filter","95% EtOH","Ice Edge Station 2",66,1000,"Shannon Brown","","2023/04/27 00:05:00",58.3341666666667,-169.96,"4/27/2023","0:05","169°57.60' W","58°20.05' N","degrees minutes seconds","2023/04/26 22:56:00",1,8.2095,101.423,357.385,32.2743,32.2771,25.8905,25.8927,0.5178,0.3303,0.3302,1.2757,65.531,58.32783333333333,-169.85166666666666,"2023-04-26T22:56:00Z","DY2306c024_btl","024_btl",24
"E1739.DY2306",1,1,FALSE,"DY2306","EcoFOCI Spring Mooring",24,2,"Niskin; Sterivex 0.22µm filter","95% EtOH","Ice Edge Station 2",30,1000,"Shannon Brown","","2023/04/27 00:05:00",58.3341666666667,-169.96,"4/27/2023","0:05","169°57.60' W","58°20.05' N","degrees minutes seconds","2023/04/26 22:56:00",2,8.2105,101.425,357.427,32.2736,32.2617,25.8901,25.8805,0.4939,0.3268,0.3268,0.8939,51.145,58.32783333333333,-169.85166666666666,"2023-04-26T22:56:00Z","DY2306c024_btl","024_btl",24
"E1740.DY2306",1,1,FALSE,"DY2306","EcoFOCI Spring Mooring",24,3,"Niskin; Sterivex 0.22µm filter","95% EtOH","Ice Edge Station 2",10,1000,"Shannon Brown","","2023/04/27 00:05:00",58.3341666666667,-169.96,"4/27/2023","0:05","169°57.60' W","58°20.05' N","degrees minutes seconds","2023/04/26 22:56:00",3,8.2135,101.46,357.557,32.2735,32.2616,25.89,25.8804,0.4789,0.326,0.3262,0.8166,41.063,58.32783333333333,-169.85166666666666,"2023-04-26T22:56:00Z","DY2306c024_btl","024_btl",24
"E1741.DY2306",1,1,FALSE,"DY2306","EcoFOCI Spring Mooring",23,1,"Niskin; Sterivex 0.22µm filter","95% EtOH","Ice Edge Station 1",65,1000,"Shannon Brown","","2023/04/26 22:56:00",58.3278333333333,-169.851666666667,"4/26/2023","22:56","169°51.10' W","58°19.67' N","degrees minutes seconds","2023/04/26 17:08:00",1,8.2286,101.64,358.216,32.2652,32.2678,25.8833,25.8854,0.4961,0.3259,0.3259,0.9562,65.682,58.32383333333333,-169.70283333333333,"2023-04-26T17:08:00Z","DY2306c023_btl","023_btl",23
"E1742.DY2306",1,1,FALSE,"DY2306","EcoFOCI Spring Mooring",23,4,"Niskin; Sterivex 0.22µm filter","95% EtOH","Ice Edge Station 1",30,1000,"Shannon Brown","","2023/04/26 22:56:00",58.3278333333333,-169.851666666667,"4/26/2023","22:56","169°51.10' W","58°19.67' N","degrees minutes seconds",NA,NA,NA,NA,NA,NA,NA,NA,NA,NA,NA,NA,NA,NA,NA,NA,NA,NA,NA,NA
"E1743.DY2306",1,1,FALSE,"DY2306","EcoFOCI Spring Mooring",23,6,"Niskin; Sterivex 0.22µm filter","95% EtOH","Ice Edge Station 1",10,1000,"Shannon Brown","","2023/04/26 22:56:00",58.3278333333333,-169.851666666667,"4/26/2023","22:56","169°51.10' W","58°19.67' N","degrees minutes seconds",NA,NA,NA,NA,NA,NA,NA,NA,NA,NA,NA,NA,NA,NA,NA,NA,NA,NA,NA,NA
"E1744.DY2306",1,1,FALSE,"DY2306","EcoFOCI Spring Mooring",22,1,"Niskin; Sterivex 0.22µm filter","95% EtOH","Ice Station 2",65,1000,"Shannon Brown","","2023/04/26 17:08:00",58.3238333333333,-169.702833333333,"4/26/2023","17:08","169°42.17' W","58°19.43' N","degrees minutes seconds","2023/04/26 19:46:00",1,8.2082,101.358,357.329,32.2676,32.2701,25.8858,25.8879,0.4849,0.3138,0.3139,1.022,65.989,58.27883333333333,-169.72066666666666,"2023-04-26T19:46:00Z","DY2306c022_btl","022_btl",22
"E1745.DY2306",1,1,FALSE,"DY2306","EcoFOCI Spring Mooring",22,2,"Niskin; Sterivex 0.22µm filter","95% EtOH","Ice Station 2",30,1000,"Shannon Brown","","2023/04/26 17:08:00",58.3238333333333,-169.702833333333,"4/26/2023","17:08","169°42.17' W","58°19.43' N","degrees minutes seconds","2023/04/26 19:46:00",2,8.2136,101.419,357.563,32.2666,32.2693,25.8852,25.8873,0.4941,0.3119,0.3121,0.8082,30.981,58.27883333333333,-169.72066666666666,"2023-04-26T19:46:00Z","DY2306c022_btl","022_btl",22
"E1746.DY2306",1,1,FALSE,"DY2306","EcoFOCI Spring Mooring",22,3,"Niskin; Sterivex 0.22µm filter","95% EtOH","Ice Station 2",10,1000,"Shannon Brown","","2023/04/26 17:08:00",58.3238333333333,-169.702833333333,"4/26/2023","17:08","169°42.17' W","58°19.43' N","degrees minutes seconds","2023/04/26 19:46:00",3,8.271,101.695,360.081,32.1994,32.2031,25.838,25.8408,0.5106,0.1672,0.1699,0.5197,10.966,58.27883333333333,-169.72066666666666,"2023-04-26T19:46:00Z","DY2306c022_btl","022_btl",22
"E1747.DY2306",1,1,FALSE,"DY2306","EcoFOCI Spring Mooring",21,1,"Niskin; Sterivex 0.22µm filter","95% EtOH","Ice Station 1",65,1000,"Shannon Brown","","2023/04/26 19:46:00",58.2788333333333,-169.720666666667,"4/26/2023","19:46","169°43.24' W","58°16.73' N","degrees minutes seconds",NA,NA,NA,NA,NA,NA,NA,NA,NA,NA,NA,NA,NA,NA,NA,NA,NA,NA,NA,NA
"E1748.DY2306",1,1,FALSE,"DY2306","EcoFOCI Spring Mooring",21,2,"Niskin; Sterivex 0.22µm filter","95% EtOH","Ice Station 1",30,1000,"Shannon Brown","","2023/04/26 19:46:00",58.2788333333333,-169.720666666667,"4/26/2023","19:46","169°43.24' W","58°16.73' N","degrees minutes seconds",NA,NA,NA,NA,NA,NA,NA,NA,NA,NA,NA,NA,NA,NA,NA,NA,NA,NA,NA,NA
"E1749.DY2306",1,1,FALSE,"DY2306","EcoFOCI Spring Mooring",21,3,"Niskin; Sterivex 0.22µm filter","95% EtOH","Ice Station 1",10,1000,"Shannon Brown","","2023/04/26 19:46:00",58.2788333333333,-169.720666666667,"4/26/2023","19:46","169°43.24' W","58°16.73' N","degrees minutes seconds",NA,NA,NA,NA,NA,NA,NA,NA,NA,NA,NA,NA,NA,NA,NA,NA,NA,NA,NA,NA
"E1750.DY2306",1,1,FALSE,"DY2306","EcoFOCI Spring Mooring",27,1,"Niskin; Sterivex 0.22µm filter","95% EtOH","70M24",64,1000,"Shannon Brown","","2023/04/27 05:41:00",58.045,-169.680833333333,"4/27/2023","5:41","169°40.85' W","58°02.70' N","degrees minutes seconds","2023/04/27 02:44:00",1,8.1218,99.499,353.578,32.2039,32.2063,25.8481,25.85,0.3882,0.0278,0.0279,1.0489,65.621,58.27933333333333,-170.10933333333332,"2023-04-27T02:44:00Z","DY2306c027_btl","027_btl",27
"E1751.DY2306",1,1,FALSE,"DY2306","EcoFOCI Spring Mooring",27,4,"Niskin; Sterivex 0.22µm filter","95% EtOH","70M24",30,1000,"Shannon Brown","","2023/04/27 05:41:00",58.045,-169.680833333333,"4/27/2023","5:41","169°40.85' W","58°02.70' N","degrees minutes seconds","2023/04/27 02:44:00",4,8.5553,103.486,372.512,31.9729,31.9748,25.6793,25.6808,0.9108,-0.3928,-0.3918,0.3761,31.23,58.27933333333333,-170.10933333333332,"2023-04-27T02:44:00Z","DY2306c027_btl","027_btl",27
"E1752.DY2306",1,1,FALSE,"DY2306","EcoFOCI Spring Mooring",27,6,"Niskin; Sterivex 0.22µm filter","95% EtOH","70M24",10,1000,"Shannon Brown","","2023/04/27 05:41:00",58.045,-169.680833333333,"4/27/2023","5:41","169°40.85' W","58°02.70' N","degrees minutes seconds","2023/04/27 02:44:00",6,8.5652,103.89,372.949,31.9636,31.966,25.6676,25.6696,0.5213,-0.287,-0.2879,0.3781,10.743,58.27933333333333,-170.10933333333332,"2023-04-27T02:44:00Z","DY2306c027_btl","027_btl",27
"E1753.DY2306",1,1,FALSE,"DY2306","EcoFOCI Spring Mooring",29,1,"Niskin; Sterivex 0.22µm filter","95% EtOH","70M22",62,1000,"Shannon Brown","","2023/04/27 08:16:00",57.9298333333333,-169.332666666667,"4/27/2023","8:16","169°19.96' W","57°55.79' N","degrees minutes seconds","2023/04/27 07:20:00",1,8.1484,102.698,354.727,32.3121,32.3149,25.8789,25.8812,0.7221,1.0912,1.0907,1.0883,63.945,57.908166666666666,-169.50316666666666,"2023-04-27T07:20:00Z","DY2306c029_btl","029_btl",29
"E1754.DY2306",1,1,FALSE,"DY2306","EcoFOCI Spring Mooring",29,4,"Niskin; Sterivex 0.22µm filter","95% EtOH","70M22",30,1000,"Shannon Brown","","2023/04/27 08:16:00",57.9298333333333,-169.332666666667,"4/27/2023","8:16","169°19.96' W","57°55.79' N","degrees minutes seconds","2023/04/27 07:20:00",4,8.2077,102.982,357.311,32.2876,32.2903,25.8691,25.8712,0.7249,0.9236,0.9254,0.7384,31.24,57.908166666666666,-169.50316666666666,"2023-04-27T07:20:00Z","DY2306c029_btl","029_btl",29
"E1755.DY2306",1,1,FALSE,"DY2306","EcoFOCI Spring Mooring",29,6,"Niskin; Sterivex 0.22µm filter","95% EtOH","70M22",10,1000,"Shannon Brown","","2023/04/27 08:16:00",57.9298333333333,-169.332666666667,"4/27/2023","8:16","169°19.96' W","57°55.79' N","degrees minutes seconds","2023/04/27 07:20:00",6,8.2803,103.716,360.478,32.2643,32.2669,25.8539,25.8559,0.7777,0.8637,0.8645,0.6328,10.642,57.908166666666666,-169.50316666666666,"2023-04-27T07:20:00Z","DY2306c029_btl","029_btl",29
"E1756.DY2306",1,1,FALSE,"DY2306","EcoFOCI Spring Mooring",32,1,"Niskin; Sterivex 0.22µm filter","95% EtOH","M4",66,1000,"Shannon Brown","Stored in fridge for 4-10 hours before filtering","2023/04/27 17:25:00",57.8541666666667,-168.903,"4/27/2023","17:25","168°54.18' W","57°51.25' N","degrees minutes seconds","2023/04/27 13:42:00",1,8.333,102.761,362.791,32.1687,32.1711,25.8074,25.8094,0.8133,0.2886,0.2887,0.7514,66.335,57.770833333333336,-168.45033333333333,"2023-04-27T13:42:00Z","DY2306c032_btl","032_btl",32
"E1757.DY2306",1,1,FALSE,"DY2306","EcoFOCI Spring Mooring",32,4,"Niskin; Sterivex 0.22µm filter","95% EtOH","M4",30,1000,"Shannon Brown","Stored in fridge for 4-10 hours before filtering","2023/04/27 17:25:00",57.8541666666667,-168.903,"4/27/2023","17:25","168°54.18' W","57°51.25' N","degrees minutes seconds","2023/04/27 13:42:00",4,8.3359,102.809,362.915,32.1696,32.172,25.8079,25.8098,0.6999,0.293,0.2931,0.5969,30.259,57.770833333333336,-168.45033333333333,"2023-04-27T13:42:00Z","DY2306c032_btl","032_btl",32
"E1758.DY2306",1,1,FALSE,"DY2306","EcoFOCI Spring Mooring",32,6,"Niskin; Sterivex 0.22µm filter","95% EtOH","M4",10,1000,"Shannon Brown","Stored in fridge for 4-10 hours before filtering","2023/04/27 17:25:00",57.8541666666667,-168.903,"4/27/2023","17:25","168°54.18' W","57°51.25' N","degrees minutes seconds","2023/04/27 13:42:00",6,8.3784,103.332,364.767,32.1636,32.1661,25.803,25.805,0.8654,0.2941,0.2944,0.5749,10.851,57.770833333333336,-168.45033333333333,"2023-04-27T13:42:00Z","DY2306c032_btl","032_btl",32
"E1759.DY2306",1,1,FALSE,"DY2306","EcoFOCI Spring Mooring",33,1,"Niskin; Sterivex 0.22µm filter","95% EtOH","70M19",62,1000,"Shannon Brown","Stored in fridge for 4-10 hours before filtering","2023/04/27 19:40:00",57.654,-169.0105,"4/27/2023","19:40","169°00.63' W","57°39.24' N","degrees minutes seconds","2023/04/27 17:25:00",1,8.237,102.564,358.597,32.2303,32.2328,25.8387,25.8407,0.7894,0.6441,0.6441,0.6298,67.261,57.85416666666666,-168.903,"2023-04-27T17:25:00Z","DY2306c033_btl","033_btl",33
"E1760.DY2306",1,1,FALSE,"DY2306","EcoFOCI Spring Mooring",33,4,"Niskin; Sterivex 0.22µm filter","95% EtOH","70M19",30,1000,"Shannon Brown","Stored in fridge for 4-10 hours before filtering","2023/04/27 19:40:00",57.654,-169.0105,"4/27/2023","19:40","169°00.63' W","57°39.24' N","degrees minutes seconds","2023/04/27 17:25:00",4,8.2461,102.676,358.995,32.2302,32.2328,25.8387,25.8408,0.76,0.6434,0.6435,0.5799,30.916,57.85416666666666,-168.903,"2023-04-27T17:25:00Z","DY2306c033_btl","033_btl",33
"E1761.DY2306",1,1,FALSE,"DY2306","EcoFOCI Spring Mooring",33,6,"Niskin; Sterivex 0.22µm filter","95% EtOH","70M19",10,1000,"Shannon Brown","Stored in fridge for 4-10 hours before filtering","2023/04/27 19:40:00",57.654,-169.0105,"4/27/2023","19:40","169°00.63' W","57°39.24' N","degrees minutes seconds","2023/04/27 17:25:00",6,8.2476,102.691,359.059,32.2301,32.1061,25.8386,25.7388,0.8696,0.6422,0.6424,0.716,9.613,57.85416666666666,-168.903,"2023-04-27T17:25:00Z","DY2306c033_btl","033_btl",33
"E1762.DY2306",1,1,FALSE,"DY2306","EcoFOCI Spring Mooring",34,1,"Niskin; Sterivex 0.22µm filter","95% EtOH","70M18",66,1000,"Shannon Brown","Stored in fridge for 4-10 hours before filtering","2023/04/27 21:42:00",57.5235,-168.611333333333,"4/27/2023","21:42","168°36.68' W","57°31.41' N","degrees minutes seconds","2023/04/27 19:40:00",1,8.1295,102.712,353.899,32.3336,32.336,25.8907,25.8927,0.7425,1.1812,1.1809,0.6961,63.888,57.654,-169.0105,"2023-04-27T19:40:00Z","DY2306c034_btl","034_btl",34
"E1763.DY2306",1,1,FALSE,"DY2306","EcoFOCI Spring Mooring",34,4,"Niskin; Sterivex 0.22µm filter","95% EtOH","70M18",30,1000,"Shannon Brown","Stored in fridge for 4-10 hours before filtering","2023/04/27 21:42:00",57.5235,-168.611333333333,"4/27/2023","21:42","168°36.68' W","57°31.41' N","degrees minutes seconds","2023/04/27 19:40:00",4,8.1581,102.692,355.148,32.3156,32.3113,25.8847,25.8811,0.8031,1.0418,1.0442,0.6398,31.017,57.654,-169.0105,"2023-04-27T19:40:00Z","DY2306c034_btl","034_btl",34
"E1764.DY2306",1,1,FALSE,"DY2306","EcoFOCI Spring Mooring",34,6,"Niskin; Sterivex 0.22µm filter","95% EtOH","70M18",10,1000,"Shannon Brown","Stored in fridge for 4-10 hours before filtering","2023/04/27 21:42:00",57.5235,-168.611333333333,"4/27/2023","21:42","168°36.68' W","57°31.41' N","degrees minutes seconds","2023/04/27 19:40:00",6,8.1682,102.617,355.588,32.3044,32.2709,25.88,25.8531,0.6167,0.9684,0.9686,0.567,10.578,57.654,-169.0105,"2023-04-27T19:40:00Z","DY2306c034_btl","034_btl",34
"E1765.DY2306",1,1,FALSE,"DY2306","EcoFOCI Spring Mooring",36,1,"Niskin; Sterivex 0.22µm filter","95% EtOH","70M16",67,1000,"Shannon Brown","Stored in fridge for 4-10 hours before filtering","2023/04/28 00:34:00",57.5008333333333,-167.988333333333,"4/28/2023","0:34","167°59.30' W","57°30.05' N","degrees minutes seconds","2023/04/27 23:17:00",1,8.2057,102.815,357.25,32.2037,32.2585,25.8034,25.8475,0.7421,0.8925,0.8929,0.5441,66.618,57.525333333333336,-168.3065,"2023-04-27T23:17:00Z","DY2306c036_btl","036_btl",36
"E1766.DY2306",1,1,FALSE,"DY2306","EcoFOCI Spring Mooring",36,4,"Niskin; Sterivex 0.22µm filter","95% EtOH","70M16",30,1000,"Shannon Brown","Stored in fridge for 4-10 hours before filtering","2023/04/28 00:34:00",57.5008333333333,-167.988333333333,"4/28/2023","0:34","167°59.30' W","57°30.05' N","degrees minutes seconds","2023/04/27 23:17:00",4,8.0819,101.166,351.894,32.0704,32.2579,25.6964,25.8471,0.7553,0.891,0.8918,0.566,30.67,57.525333333333336,-168.3065,"2023-04-27T23:17:00Z","DY2306c036_btl","036_btl",36
"E1767.DY2306",1,1,FALSE,"DY2306","EcoFOCI Spring Mooring",36,6,"Niskin; Sterivex 0.22µm filter","95% EtOH","70M16",10,1000,"Shannon Brown","Stored in fridge for 4-10 hours before filtering","2023/04/28 00:34:00",57.5008333333333,-167.988333333333,"4/28/2023","0:34","167°59.30' W","57°30.05' N","degrees minutes seconds","2023/04/27 23:17:00",6,8.2246,102.992,358.11,32.0606,32.2567,25.6875,25.8451,0.6922,0.9085,0.9083,0.5281,10.468,57.525333333333336,-168.3065,"2023-04-27T23:17:00Z","DY2306c036_btl","036_btl",36
"E1768.DY2306",1,1,FALSE,"DY2306","EcoFOCI Spring Mooring",38,1,"Niskin; Sterivex 0.22µm filter","95% EtOH","70M14",64,1000,"Shannon Brown","","2023/04/28 03:31:00",57.4978333333333,-167.342833333333,"4/28/2023","3:31","167°20.57' W","57°29.87' N","degrees minutes seconds","2023/04/28 02:11:00",1,8.1789,103.085,356.081,32.2197,32.2224,25.8031,25.8052,0.6954,1.117,1.1172,0.5655,66.412,57.49933333333333,-167.665,"2023-04-28T02:11:00Z","DY2306c038_btl","038_btl",38
"E1769.DY2306",1,1,FALSE,"DY2306","EcoFOCI Spring Mooring",38,4,"Niskin; Sterivex 0.22µm filter","95% EtOH","70M14",30,1000,"Shannon Brown","","2023/04/28 03:31:00",57.4978333333333,-167.342833333333,"4/28/2023","3:31","167°20.57' W","57°29.87' N","degrees minutes seconds","2023/04/28 02:11:00",4,8.1895,103.215,356.541,32.2195,32.2225,25.8031,25.8054,0.682,1.1159,1.1161,0.4514,30.804,57.49933333333333,-167.665,"2023-04-28T02:11:00Z","DY2306c038_btl","038_btl",38
"E1770.DY2306",1,1,FALSE,"DY2306","EcoFOCI Spring Mooring",38,6,"Niskin; Sterivex 0.22µm filter","95% EtOH","70M14",10,1000,"Shannon Brown","","2023/04/28 03:31:00",57.4978333333333,-167.342833333333,"4/28/2023","3:31","167°20.57' W","57°29.87' N","degrees minutes seconds","2023/04/28 02:11:00",6,8.2481,104.105,359.094,32.2181,32.2209,25.7984,25.8005,0.7037,1.173,1.1749,0.4265,10.825,57.49933333333333,-167.665,"2023-04-28T02:11:00Z","DY2306c038_btl","038_btl",38
"E1771.NC.DY2306",NA,NA,TRUE,"DY2306","EcoFOCI Spring Mooring",NA,NA,"Sterivex 0.22µm filter","95% EtOH",NA,NA,1000,"Shannon Brown","","2023/04/28 00:00:00",NA,NA,"4/28/2023",NA,NA,NA,NA,NA,NA,NA,NA,NA,NA,NA,NA,NA,NA,NA,NA,NA,NA,NA,NA,NA,NA,NA,NA
"E1772.DY2306",1,1,FALSE,"DY2306","EcoFOCI Spring Mooring",40,1,"Niskin; Sterivex 0.22µm filter","95% EtOH","70M12",63,1000,"Shannon Brown","","2023/04/28 06:15:00",57.431,-166.813,"4/28/2023","6:15","166°48.78' W","57°25.86' N","degrees minutes seconds","2023/04/28 05:02:00",1,8.1828,102.727,356.264,32.1587,32.1616,25.7622,25.7646,0.7321,0.98,0.9801,0.8137,64.48,57.520833333333336,-167.04066666666668,"2023-04-28T05:02:00Z","DY2306c040_btl","040_btl",40
"E1773.DY2306",1,1,FALSE,"DY2306","EcoFOCI Spring Mooring",40,4,"Niskin; Sterivex 0.22µm filter","95% EtOH","70M12",30,1000,"Shannon Brown","","2023/04/28 06:15:00",57.431,-166.813,"4/28/2023","6:15","166°48.78' W","57°25.86' N","degrees minutes seconds","2023/04/28 05:02:00",4,8.2024,102.977,357.119,32.1576,32.1605,25.7613,25.7636,0.681,0.9817,0.9817,0.5819,31.176,57.520833333333336,-167.04066666666668,"2023-04-28T05:02:00Z","DY2306c040_btl","040_btl",40
"E1774.DY2306",1,1,FALSE,"DY2306","EcoFOCI Spring Mooring",40,6,"Niskin; Sterivex 0.22µm filter","95% EtOH","70M12",10,1000,"Shannon Brown","Accidently have a repeated sample ID, but from two different sites","2023/04/28 06:15:00",57.431,-166.813,"4/28/2023","6:15","166°48.78' W","57°25.86' N","degrees minutes seconds","2023/04/28 05:02:00",6,8.3444,104.983,363.307,32.1438,32.1465,25.7451,25.7474,0.7501,1.0682,1.0656,0.411,10.834,57.520833333333336,-167.04066666666668,"2023-04-28T05:02:00Z","DY2306c040_btl","040_btl",40
"E1777.DY2306",1,1,FALSE,"DY2306","EcoFOCI Spring Mooring",42,1,"Niskin; Sterivex 0.22µm filter","95% EtOH","70M10",63,1000,"Shannon Brown","Accidently have a repeated sample ID, but from two different sites","2023/04/28 08:47:00",57.4398333333333,-166.326666666667,"4/28/2023","8:47","166°19.60' W","57°26.39' N","degrees minutes seconds","2023/04/28 07:42:00",1,8.2283,102.124,358.262,32.074,32.0764,25.7173,25.7193,0.7074,0.5607,0.5601,0.5819,63.753,57.43633333333333,-166.5136666666667,"2023-04-28T07:42:00Z","DY2306c042_btl","042_btl",42
"E1775.DY2306",1,1,FALSE,"DY2306","EcoFOCI Spring Mooring",42,4,"Niskin; Sterivex 0.22µm filter","95% EtOH","70M10",30,1000,"Shannon Brown","","2023/04/28 08:47:00",57.4398333333333,-166.326666666667,"4/28/2023","8:47","166°19.60' W","57°26.39' N","degrees minutes seconds","2023/04/28 07:42:00",4,8.3608,103.798,364.041,32.0414,32.0461,25.6901,25.6926,1.1647,0.5806,0.6038,0.4708,29.97,57.43633333333333,-166.5136666666667,"2023-04-28T07:42:00Z","DY2306c042_btl","042_btl",42
"E1776.DY2306",1,1,FALSE,"DY2306","EcoFOCI Spring Mooring",42,6,"Niskin; Sterivex 0.22µm filter","95% EtOH","70M10",10,1000,"Shannon Brown","","2023/04/28 08:47:00",57.4398333333333,-166.326666666667,"4/28/2023","8:47","166°19.60' W","57°26.39' N","degrees minutes seconds","2023/04/28 07:42:00",6,8.4806,105.76,369.353,31.7333,32.0515,25.4284,25.6841,1.4664,0.8366,0.8392,0.6383,10.624,57.43633333333333,-166.5136666666667,"2023-04-28T07:42:00Z","DY2306c042_btl","042_btl",42
"E1778.DY2306",1,1,FALSE,"DY2306","EcoFOCI Spring Mooring",48,1,"Niskin; Sterivex 0.22µm filter","95% EtOH","70M8",62.5,1000,"Shannon Brown","Stored in fridge for 2-6 hours before filtering","2023/04/28 19:37:00",57.2616666666667,-165.748833333333,"4/28/2023","19:37","165°44.93' W","57°15.70' N","degrees minutes seconds","2023/04/28 18:01:00",1,8.2143,101.58,357.657,32.0486,32.0523,25.7037,25.7066,1.1739,0.4279,0.4278,0.4583,60.912,57.50966666666667,-165.71283333333332,"2023-04-28T18:01:00Z","DY2306c048_btl","048_btl",48
"E1779.DY2306",1,1,FALSE,"DY2306","EcoFOCI Spring Mooring",48,4,"Niskin; Sterivex 0.22µm filter","95% EtOH","70M8",30,1000,"Shannon Brown","Stored in fridge for 2-6 hours before filtering","2023/04/28 19:37:00",57.2616666666667,-165.748833333333,"4/28/2023","19:37","165°44.93' W","57°15.70' N","degrees minutes seconds",NA,NA,NA,NA,NA,NA,NA,NA,NA,NA,NA,NA,NA,NA,NA,NA,NA,NA,NA,NA
"E1780.DY2306",1,1,FALSE,"DY2306","EcoFOCI Spring Mooring",48,6,"Niskin; Sterivex 0.22µm filter","95% EtOH","70M8",10,1000,"Shannon Brown","Stored in fridge for 2-6 hours before filtering","2023/04/28 19:37:00",57.2616666666667,-165.748833333333,"4/28/2023","19:37","165°44.93' W","57°15.70' N","degrees minutes seconds",NA,NA,NA,NA,NA,NA,NA,NA,NA,NA,NA,NA,NA,NA,NA,NA,NA,NA,NA,NA
"E1781.DY2306",1,1,FALSE,"DY2306","EcoFOCI Spring Mooring",50,1,"Niskin; Sterivex 0.22µm filter","95% EtOH","70M6",66,1000,"Shannon Brown","Stored in fridge for 2-6 hours before filtering","2023/04/28 22:22:00",56.993,-165.374833333333,"4/28/2023","22:22","165°22.49' W","56°59.58' N","degrees minutes seconds","2023/04/28 21:06:00",1,8.1225,102.756,353.674,32.0553,32.059,25.6595,25.6624,0.5101,1.3066,1.3068,0.6741,65.39,57.109,-165.60766666666666,"2023-04-28T21:06:00Z","DY2306c050_btl","050_btl",50
"E1782.DY2306",1,1,FALSE,"DY2306","EcoFOCI Spring Mooring",50,4,"Niskin; Sterivex 0.22µm filter","95% EtOH","70M6",30,1000,"Shannon Brown","Stored in fridge for 2-6 hours before filtering","2023/04/28 22:22:00",56.993,-165.374833333333,"4/28/2023","22:22","165°22.49' W","56°59.58' N","degrees minutes seconds","2023/04/28 21:06:00",4,8.1485,103.262,354.812,32.0445,32.0479,25.6464,25.649,0.6025,1.3762,1.3779,0.5695,30.845,57.109,-165.60766666666666,"2023-04-28T21:06:00Z","DY2306c050_btl","050_btl",50
"E1783.DY2306",1,1,FALSE,"DY2306","EcoFOCI Spring Mooring",50,6,"Niskin; Sterivex 0.22µm filter","95% EtOH","70M6",10,1000,"Shannon Brown","Stored in fridge for 2-6 hours before filtering","2023/04/28 22:22:00",56.993,-165.374833333333,"4/28/2023","22:22","165°22.49' W","56°59.58' N","degrees minutes seconds","2023/04/28 21:06:00",6,8.2297,104.748,358.356,32.0297,32.0335,25.6232,25.626,0.3356,1.5517,1.5562,0.4868,10.737,57.109,-165.60766666666666,"2023-04-28T21:06:00Z","DY2306c050_btl","050_btl",50
"E1784.DY2306",1,1,FALSE,"DY2306","EcoFOCI Spring Mooring",52,1,"Niskin; Sterivex 0.22µm filter","95% EtOH","70M4",66,1000,"Shannon Brown","Sampled last on niskins","2023/04/29 01:37:00",56.9076666666667,-164.836166666667,"4/29/2023","1:37","164°50.17' W","56°54.46' N","degrees minutes seconds","2023/04/29 00:01:00",1,8.0833,102.482,351.987,31.9959,31.9995,25.6054,25.6083,0.5201,1.407,1.4071,0.4698,68.438,56.86033333333334,-165.13,"2023-04-29T00:01:00Z","DY2306c052_btl","052_btl",52
"E1785.DY2306",1,1,FALSE,"DY2306","EcoFOCI Spring Mooring",52,4,"Niskin; Sterivex 0.22µm filter","95% EtOH","70M4",30,1000,"Shannon Brown","Sampled last on niskins","2023/04/29 01:37:00",56.9076666666667,-164.836166666667,"4/29/2023","1:37","164°50.17' W","56°54.46' N","degrees minutes seconds","2023/04/29 00:01:00",4,8.0767,102.552,351.707,31.9812,31.9849,25.5897,25.5926,0.5385,1.4697,1.4698,0.6687,31.108,56.86033333333334,-165.13,"2023-04-29T00:01:00Z","DY2306c052_btl","052_btl",52
"E1786.DY2306",1,1,FALSE,"DY2306","EcoFOCI Spring Mooring",52,7,"Niskin; Sterivex 0.22µm filter","95% EtOH","70M4",10,1000,"Shannon Brown","Sampled last on niskins","2023/04/29 01:37:00",56.9076666666667,-164.836166666667,"4/29/2023","1:37","164°50.17' W","56°54.46' N","degrees minutes seconds","2023/04/29 00:01:00",7,8.1814,104.181,356.268,31.9755,31.9788,25.5777,25.5803,0.3999,1.5841,1.5845,0.4927,10.893,56.86033333333334,-165.13,"2023-04-29T00:01:00Z","DY2306c052_btl","052_btl",52
"E1787.DY2306",1,1,FALSE,"DY2306","EcoFOCI Spring Mooring",54,1,"Niskin; Sterivex 0.22µm filter","95% EtOH","M2W",68,1000,"Shannon Brown","","2023/04/29 04:23:00",56.766,-164.334833333333,"4/29/2023","4:23","164°20.09' W","56°45.96' N","degrees minutes seconds","2023/04/29 03:09:00",1,7.9598,101.239,346.629,31.9444,31.9479,25.5552,25.558,0.4679,1.5459,1.5461,0.8023,68.663,56.81433333333333,-164.58916666666667,"2023-04-29T03:09:00Z","DY2306c054_btl","054_btl",54
"E1788.DY2306",1,1,FALSE,"DY2306","EcoFOCI Spring Mooring",54,4,"Niskin; Sterivex 0.22µm filter","95% EtOH","M2W",30,1000,"Shannon Brown","","2023/04/29 04:23:00",56.766,-164.334833333333,"4/29/2023","4:23","164°20.09' W","56°45.96' N","degrees minutes seconds","2023/04/29 03:09:00",4,7.9386,101.338,345.717,31.9046,31.9083,25.5131,25.5161,0.4585,1.6998,1.6995,0.6866,31.033,56.81433333333333,-164.58916666666667,"2023-04-29T03:09:00Z","DY2306c054_btl","054_btl",54
"E1789.DY2306",1,1,FALSE,"DY2306","EcoFOCI Spring Mooring",54,7,"Niskin; Sterivex 0.22µm filter","95% EtOH","M2W",10,1000,"Shannon Brown","","2023/04/29 04:23:00",56.766,-164.334833333333,"4/29/2023","4:23","164°20.09' W","56°45.96' N","degrees minutes seconds","2023/04/29 03:09:00",7,8.34,108.145,363.227,31.8616,31.8431,25.4337,25.4183,0.8985,2.3316,2.3397,0.4823,10.744,56.81433333333333,-164.58916666666667,"2023-04-29T03:09:00Z","DY2306c054_btl","054_btl",54
"E1790.DY2306",1,1,FALSE,"DY2306","EcoFOCI Spring Mooring",56,1,"Niskin; Sterivex 0.22µm filter","95% EtOH","M2E",64,1000,"Shannon Brown","","2023/04/29 08:35:00",56.9426666666667,-163.835333333333,"4/29/2023","8:35","163°50.12' W","56°56.56' N","degrees minutes seconds","2023/04/29 06:29:00",1,7.8643,100.961,342.506,31.8371,31.8404,25.4424,25.4449,0.4323,1.9418,1.9433,0.6707,70.429,56.66633333333333,-163.86666666666667,"2023-04-29T06:29:00Z","DY2306c056_btl","056_btl",56
"E1791.DY2306",1,1,FALSE,"DY2306","EcoFOCI Spring Mooring",56,4,"Niskin; Sterivex 0.22µm filter","95% EtOH","M2E",30,1000,"Shannon Brown","","2023/04/29 08:35:00",56.9426666666667,-163.835333333333,"4/29/2023","8:35","163°50.12' W","56°56.56' N","degrees minutes seconds","2023/04/29 06:29:00",4,8.1685,106.006,355.772,31.8038,31.8076,25.3838,25.3868,1.3394,2.3794,2.38,0.4838,30.949,56.66633333333333,-163.86666666666667,"2023-04-29T06:29:00Z","DY2306c056_btl","056_btl",56
"E1792.DY2306",1,1,FALSE,"DY2306","EcoFOCI Spring Mooring",56,6,"Niskin; Sterivex 0.22µm filter","95% EtOH","M2E",10,1000,"Shannon Brown","","2023/04/29 08:35:00",56.9426666666667,-163.835333333333,"4/29/2023","8:35","163°50.12' W","56°56.56' N","degrees minutes seconds","2023/04/29 06:29:00",6,8.2472,107.607,359.21,31.8006,31.8043,25.3646,25.3676,0.9274,2.5951,2.5952,0.4125,10.806,56.66633333333333,-163.86666666666667,"2023-04-29T06:29:00Z","DY2306c056_btl","056_btl",56
"E1793.DY2306",1,1,FALSE,"DY2306","EcoFOCI Spring Mooring",58,1,"Niskin; Sterivex 0.22µm filter","95% EtOH","M2",68,1000,"Shannon Brown","Stored in fridge for ~14 hours before filtering","2023/04/29 14:49:00",56.8725,-164.054166666667,"4/29/2023","14:49","164°03.25' W","56°52.35' N","degrees minutes seconds","2023/04/29 10:35:00",1,8.0149,101.206,349.011,31.9807,31.9842,25.6028,25.6056,0.5821,1.2535,1.2537,0.6985,64.86,57.01983333333333,-164.2215,"2023-04-29T10:35:00Z","DY2306c058_btl","058_btl",58
"E1794.DY2306",1,1,FALSE,"DY2306","EcoFOCI Spring Mooring",58,4,"Niskin; Sterivex 0.22µm filter","95% EtOH","M2",30,1000,"Shannon Brown","Stored in fridge for ~14 hours before filtering","2023/04/29 14:49:00",56.8725,-164.054166666667,"4/29/2023","14:49","164°03.25' W","56°52.35' N","degrees minutes seconds","2023/04/29 10:35:00",4,8.0729,102.499,351.551,31.936,31.9392,25.5527,25.5552,1.1801,1.4803,1.4817,0.5311,30.037,57.01983333333333,-164.2215,"2023-04-29T10:35:00Z","DY2306c058_btl","058_btl",58
"E1795.DY2306",1,1,FALSE,"DY2306","EcoFOCI Spring Mooring",58,6,"Niskin; Sterivex 0.22µm filter","95% EtOH","M2",10,1000,"Shannon Brown","Stored in fridge for ~14 hours before filtering","2023/04/29 14:49:00",56.8725,-164.054166666667,"4/29/2023","14:49","164°03.25' W","56°52.35' N","degrees minutes seconds","2023/04/29 10:35:00",6,8.8015,113.501,383.311,31.8921,31.8959,25.4749,25.4779,2.4278,2.1043,2.1034,0.4928,9.94,57.01983333333333,-164.2215,"2023-04-29T10:35:00Z","DY2306c058_btl","058_btl",58
"E1797.DY2306",1,1,FALSE,"DY2306","EcoFOCI Spring Mooring",64,1,"Niskin; Sterivex 0.22µm filter","95% EtOH","M2C",64,1000,"Shannon Brown","M2 repeat; stored in fridge for 11 hours before filtering","2023/04/30 14:14:00",56.8643333333333,-164.049333333333,"4/30/2023","14:14","164°02.96' W","56°51.86' N","degrees minutes seconds",NA,NA,NA,NA,NA,NA,NA,NA,NA,NA,NA,NA,NA,NA,NA,NA,NA,NA,NA,NA
"E1796.DY2306",1,1,FALSE,"DY2306","EcoFOCI Spring Mooring",64,4,"Niskin; Sterivex 0.22µm filter","95% EtOH","M2C",30,1000,"Shannon Brown","M2 repeat; stored in fridge for 11 hours before filtering","2023/04/30 14:14:00",56.8643333333333,-164.049333333333,"4/30/2023","14:14","164°02.96' W","56°51.86' N","degrees minutes seconds",NA,NA,NA,NA,NA,NA,NA,NA,NA,NA,NA,NA,NA,NA,NA,NA,NA,NA,NA,NA
"E1798.DY2306",1,1,FALSE,"DY2306","EcoFOCI Spring Mooring",64,6,"Niskin; Sterivex 0.22µm filter","95% EtOH","M2C",10,1000,"Shannon Brown","M2 repeat; stored in fridge for 11 hours before filtering","2023/04/30 14:14:00",56.8643333333333,-164.049333333333,"4/30/2023","14:14","164°02.96' W","56°51.86' N","degrees minutes seconds",NA,NA,NA,NA,NA,NA,NA,NA,NA,NA,NA,NA,NA,NA,NA,NA,NA,NA,NA,NA
"E1799.DY2306",1,1,FALSE,"DY2306","EcoFOCI Spring Mooring",67,1,"Niskin; Sterivex 0.22µm filter","95% EtOH","KUM2A",36,1000,"Shannon Brown","","2023/05/02 02:23:00",58.2611666666667,-163.494333333333,"5/2/2023","2:23","163°29.66' W","58°15.67' N","degrees minutes seconds","2023/05/01 22:02:00",1,9.5944,113.857,418.318,30.2592,30.2621,24.3031,24.3054,2.0901,-0.6583,-0.6581,1.4137,24.335,58.788833333333336,-163.28116666666668,"2023-05-01T22:02:00Z","DY2306c067_btl","067_btl",67
"E1800.DY2306",1,1,FALSE,"DY2306","EcoFOCI Spring Mooring",67,3,"Niskin; Sterivex 0.22µm filter","95% EtOH","KUM2A",10,1000,"Shannon Brown","","2023/05/02 02:23:00",58.2611666666667,-163.494333333333,"5/2/2023","2:23","163°29.66' W","58°15.67' N","degrees minutes seconds","2023/05/01 22:02:00",3,9.5896,114.09,418.119,30.2393,30.2422,24.2839,24.2863,0.2095,-0.5577,-0.5586,0.3133,2.2,58.788833333333336,-163.28116666666668,"2023-05-01T22:02:00Z","DY2306c067_btl","067_btl",67
"E1801.DY2306",1,1,FALSE,"DY2306","EcoFOCI Spring Mooring",78,1,"Niskin; Sterivex 0.22µm filter","95% EtOH","AW1",200,1000,"Shannon Brown","Stored in fridge for 6-7 hours before filtering","2023/05/05 22:01:00",53.9815,-166.975833333333,"5/5/2023","22:01","166°58.55' W","53°58.89' N","degrees minutes seconds","2023/05/05 22:01:00",1,5.781,79.546,251.559,33.1965,33.1999,26.3135,26.3162,0.4107,4.373,4.3732,0.1364,202.054,53.9815,-166.97583333333333,"2023-05-05T22:01:00Z","DY2306c078_btl","078_btl",78
"E1802.DY2306",1,1,FALSE,"DY2306","EcoFOCI Spring Mooring",78,2,"Niskin; Sterivex 0.22µm filter","95% EtOH","AW1",100,1000,"Shannon Brown","Stored in fridge for 6-7 hours before filtering","2023/05/05 22:01:00",53.9815,-166.975833333333,"5/5/2023","22:01","166°58.55' W","53°58.89' N","degrees minutes seconds","2023/05/05 22:01:00",2,5.7902,79.734,252.015,32.9209,32.9233,26.0833,26.0853,0.2666,4.4815,4.4806,0.085,101.059,53.9815,-166.97583333333333,"2023-05-05T22:01:00Z","DY2306c078_btl","078_btl",78
"E1803.DY2306",1,1,FALSE,"DY2306","EcoFOCI Spring Mooring",78,8,"Niskin; Sterivex 0.22µm filter","95% EtOH","AW1",10,1000,"Shannon Brown","Stored in fridge for 6-7 hours before filtering","2023/05/05 22:01:00",53.9815,-166.975833333333,"5/5/2023","22:01","166°58.55' W","53°58.89' N","degrees minutes seconds","2023/05/05 22:01:00",8,7.9456,110.015,345.931,32.5821,32.5913,25.7801,25.787,5.3644,4.8037,4.8073,0.5745,12.957,53.9815,-166.97583333333333,"2023-05-05T22:01:00Z","DY2306c078_btl","078_btl",78
"E1804.DY2306",1,1,FALSE,"DY2306","EcoFOCI Spring Mooring",80,1,"Niskin; Sterivex 0.22µm filter","95% EtOH","AW3",1499,1000,"Shannon Brown","","2023/05/06 02:29:00",54.1713333333333,-167.156333333333,"5/6/2023","2:29","167°09.38' W","54°10.28' N","degrees minutes seconds","2023/05/06 02:29:00",1,0.8119,10.692,35.285,34.5056,34.5099,27.5575,27.561,0.0339,2.225,2.225,0.104,1519.668,54.17133333333334,-167.15633333333332,"2023-05-06T02:29:00Z","DY2306c080_btl","080_btl",80
"E1805.DY2306",1,1,FALSE,"DY2306","EcoFOCI Spring Mooring",80,2,"Niskin; Sterivex 0.22µm filter","95% EtOH","AW3",750,1000,"Shannon Brown","","2023/05/06 02:29:00",54.1713333333333,-167.156333333333,"5/6/2023","2:29","167°09.38' W","54°10.28' N","degrees minutes seconds","2023/05/06 02:29:00",2,0.5631,7.608,24.481,34.1862,34.191,27.2029,27.2069,0.0421,3.3506,3.3489,0.0422,757.304,54.17133333333334,-167.15633333333332,"2023-05-06T02:29:00Z","DY2306c080_btl","080_btl",80
"E1806.DY2306",1,1,FALSE,"DY2306","EcoFOCI Spring Mooring",80,10,"Niskin; Sterivex 0.22µm filter","95% EtOH","AW3",10,1000,"Shannon Brown","","2023/05/06 02:29:00",54.1713333333333,-167.156333333333,"5/6/2023","2:29","167°09.38' W","54°10.28' N","degrees minutes seconds","2023/05/06 02:29:00",10,7.8257,108.294,340.712,32.5802,32.5845,25.7811,25.7844,4.7609,4.7806,4.7816,0.433,10.685,54.17133333333334,-167.15633333333332,"2023-05-06T02:29:00Z","DY2306c080_btl","080_btl",80
"E1807.DY2306",1,1,FALSE,"DY2306","EcoFOCI Spring Mooring",82,1,"Niskin; Sterivex 0.22µm filter","95% EtOH","AW5",640,1000,"Shannon Brown","","2023/05/06 07:28:00",54.4491666666667,-167.3845,"5/6/2023","7:28","167°23.07' W","54°26.95' N","degrees minutes seconds","2023/05/06 07:28:00",1,0.6577,8.904,28.595,34.141,34.1451,27.1582,27.1614,0.0461,3.4425,3.4422,0.0631,647.349,54.44916666666666,-167.3845,"2023-05-06T07:28:00Z","DY2306c082_btl","082_btl",82
"E1808.DY2306",1,1,FALSE,"DY2306","EcoFOCI Spring Mooring",82,3,"Niskin; Sterivex 0.22µm filter","95% EtOH","AW5",300,1000,"Shannon Brown","","2023/05/06 07:28:00",54.4491666666667,-167.3845,"5/6/2023","7:28","167°23.07' W","54°26.95' N","degrees minutes seconds","2023/05/06 07:28:00",3,1.8564,25.448,80.748,33.6883,33.7077,26.7346,26.75,0.0588,4.0798,4.0806,0.0806,303.212,54.44916666666666,-167.3845,"2023-05-06T07:28:00Z","DY2306c082_btl","082_btl",82
"E1809.DY2306",1,1,FALSE,"DY2306","EcoFOCI Spring Mooring",82,10,"Niskin; Sterivex 0.22µm filter","95% EtOH","AW5",10,1000,"Shannon Brown","","2023/05/06 07:28:00",54.4491666666667,-167.3845,"5/6/2023","7:28","167°23.07' W","54°26.95' N","degrees minutes seconds","2023/05/06 07:28:00",10,8.7563,120.984,381.153,32.8152,32.8163,25.9815,25.9824,11.0946,4.6505,4.65,0.7838,10.527,54.44916666666666,-167.3845,"2023-05-06T07:28:00Z","DY2306c082_btl","082_btl",82
"E1810.DY2306",1,1,FALSE,"DY2306","EcoFOCI Spring Mooring",84,1,"Niskin; Sterivex 0.22µm filter","95% EtOH","UT5",420,1000,"Shannon Brown","","2023/05/06 13:14:00",54.5555,-166.596666666667,"5/6/2023","13:14","166°35.80' W","54°33.33' N","degrees minutes seconds","2023/05/06 13:14:00",1,2.271,31.116,98.781,33.7135,33.7532,26.7575,26.7932,0.1089,4.0522,4.012,0.1199,425.383,54.5555,-166.59666666666666,"2023-05-06T13:14:00Z","DY2306c084_btl","084_btl",84
"E1811.DY2306",1,1,FALSE,"DY2306","EcoFOCI Spring Mooring",84,3,"Niskin; Sterivex 0.22µm filter","95% EtOH","UT5",200,1000,"Shannon Brown","","2023/05/06 13:14:00",54.5555,-166.596666666667,"5/6/2023","13:14","166°35.80' W","54°33.33' N","degrees minutes seconds","2023/05/06 13:14:00",3,3.5088,48.214,152.672,33.2936,33.2487,26.3995,26.3616,0.0937,4.2883,4.3086,0.0711,202.107,54.5555,-166.59666666666666,"2023-05-06T13:14:00Z","DY2306c084_btl","084_btl",84
"E1812.DY2306",1,1,FALSE,"DY2306","EcoFOCI Spring Mooring",84,10,"Niskin; Sterivex 0.22µm filter","95% EtOH","UT5",10,1000,"Shannon Brown","","2023/05/06 13:14:00",54.5555,-166.596666666667,"5/6/2023","13:14","166°35.80' W","54°33.33' N","degrees minutes seconds","2023/05/06 13:14:00",10,8.3719,115.262,364.514,32.4708,32.4749,25.7137,25.7169,6.6068,4.5988,4.5995,0.5919,10.667,54.5555,-166.59666666666666,"2023-05-06T13:14:00Z","DY2306c084_btl","084_btl",84
"E1813.DY2306",1,1,FALSE,"DY2306","EcoFOCI Spring Mooring",85,1,"Niskin; Sterivex 0.22µm filter","95% EtOH","UT3",975,1000,"Shannon Brown","","2023/05/06 16:37:00",54.2983333333333,-166.367333333333,"5/6/2023","16:37","166°22.04' W","54°17.90' N","degrees minutes seconds","2023/05/06 16:37:00",1,0.557,7.456,24.212,34.3102,34.3143,27.34,27.3433,0.0705,2.938,2.9378,0.1558,985.609,54.29833333333333,-166.3673333333333,"2023-05-06T16:37:00Z","DY2306c085_btl","085_btl",85
"E1814.DY2306",1,1,FALSE,"DY2306","EcoFOCI Spring Mooring",85,2,"Niskin; Sterivex 0.22µm filter","95% EtOH","UT3",500,1000,"Shannon Brown","","2023/05/06 16:37:00",54.2983333333333,-166.367333333333,"5/6/2023","16:37","166°22.04' W","54°17.90' N","degrees minutes seconds","2023/05/06 16:37:00",2,1.4819,20.227,64.447,33.8893,33.8934,26.9181,26.9215,0.0341,3.8462,3.8458,0.094,507.106,54.29833333333333,-166.3673333333333,"2023-05-06T16:37:00Z","DY2306c085_btl","085_btl",85
"E1815.DY2306",1,1,FALSE,"DY2306","EcoFOCI Spring Mooring",85,9,"Niskin; Sterivex 0.22µm filter","95% EtOH","UT3",10,1000,"Shannon Brown","","2023/05/06 16:37:00",54.2983333333333,-166.367333333333,"5/6/2023","16:37","166°22.04' W","54°17.90' N","degrees minutes seconds","2023/05/06 16:37:00",9,8.0686,111.047,351.307,32.4765,32.4806,25.72,25.7232,4.9294,4.5827,4.5826,0.4469,10.753,54.29833333333333,-166.3673333333333,"2023-05-06T16:37:00Z","DY2306c085_btl","085_btl",85
"E1816.DY2306",1,1,FALSE,"DY2306","EcoFOCI Spring Mooring",87,1,"Niskin; Sterivex 0.22µm filter","95% EtOH","UT1",118,1000,"Shannon Brown","","2023/05/06 20:01:00",54.1681666666667,-166.234166666667,"5/6/2023","20:01","166°14.05' W","54°10.09' N","degrees minutes seconds","2023/05/06 20:01:00",1,5.5242000000000004,75.762,240.382,33.2038,33.2072,26.3337,26.3365,0.2529,4.2334,4.2333,0.1499,119.79,54.16816666666666,-166.23416666666665,"2023-05-06T20:01:00Z","DY2306c087_btl","087_btl",87
"E1817.DY2306",1,1,FALSE,"DY2306","EcoFOCI Spring Mooring",87,4,"Niskin; Sterivex 0.22µm filter","95% EtOH","UT1",50,1000,"Shannon Brown","","2023/05/06 20:01:00",54.1681666666667,-166.234166666667,"5/6/2023","20:01","166°14.05' W","54°10.09' N","degrees minutes seconds","2023/05/06 20:01:00",4,7.3458,100.717,319.848,32.4218,32.4251,25.6914,25.6941,1.8457,4.4404,4.4395,0.255,51.109,54.16816666666666,-166.23416666666665,"2023-05-06T20:01:00Z","DY2306c087_btl","087_btl",87
"E1818.DY2306",1,1,FALSE,"DY2306","EcoFOCI Spring Mooring",87,8,"Niskin; Sterivex 0.22µm filter","95% EtOH","UT1",10,1000,"Shannon Brown","","2023/05/06 20:01:00",54.1681666666667,-166.234166666667,"5/6/2023","20:01","166°14.05' W","54°10.09' N","degrees minutes seconds","2023/05/06 20:01:00",8,7.5887,103.847,330.445,32.3303,32.3344,25.6243,25.6276,2.5185,4.3861,4.3859,0.2994,10.767,54.16816666666666,-166.23416666666665,"2023-05-06T20:01:00Z","DY2306c087_btl","087_btl",87
"E1819.DY2306",1,1,TRUE,"DY2306","EcoFOCI Spring Mooring",NA,NA,"Sterivex 0.22µm filter","95% EtOH",NA,NA,1000,"Shannon Brown","",NA,NA,NA,NA,NA,NA,NA,NA,NA,NA,NA,NA,NA,NA,NA,NA,NA,NA,NA,NA,NA,NA,NA,NA,NA,NA,NA,NA
