"Sample_Name","Biological_Replicate","Technical_Replicate","Negative_control","Cruise_ID_short","Cruise_ID_long","Collection_Date_UTC","Collection_Date_local","Collection_Time_UTC","Collection_Time_local","Field_Sample_Name","Cast_No.","Rosette_position","Field_collection_method","Preservation","Area.within.region","Station","Depth_m","Lat","Lon","Sample_volume_ml","Personnel_responsible_for_Collecting_Sample","Field_Notes","Combined_date","Combined_date_local","Date_UTC","Date_local_check","Date_local","Lat_fix","Lat_dec","Lon_fix","Lon_dec","Cast","Bottle"
"E1717.NC.DY23-06",NA,NA,TRUE,"DY23-06","2023_AprMay_Dyson","",NA,"",NA,NA,NA,NA,"Sterivex 0.22µm filter","95% EtOH",NA,NA,NA,NA,NA,1000,"Shannon Brown",""," ",NA,NA,NA,NA,NA,NA,NA,NA,NA,NA
"E1718.DY23-06",1,1,FALSE,"DY23-06","2023_AprMay_Dyson","4/24/2023",NA,"8:51",NA,NA,"CTD004",1,"Niskin; Sterivex 0.22µm filter","95% EtOH","Beiring Sea","UBS2",135.5,"54°25.35'","165°08.86'",1000,"Shannon Brown","Lost the 10 m sample as the Niskin didn't close","4/24/2023 8:51",NA,"2023/04/24 08:51:00",NA,"2023-04-24 00:51:00","54 25.35",54.4225,"165 08.86",-165.147666666667,"4","1"
"E1719.DY23-06",1,1,FALSE,"DY23-06","2023_AprMay_Dyson","4/24/2023",NA,"8:51",NA,NA,"CTD004",7,"Niskin; Sterivex 0.22µm filter","95% EtOH","Beiring Sea","UBS2",30,"54°25.35'","165°08.86'",1000,"Shannon Brown","Lost the 10 m sample as the Niskin didn't close","4/24/2023 8:51",NA,"2023/04/24 08:51:00",NA,"2023-04-24 00:51:00","54 25.35",54.4225,"165 08.86",-165.147666666667,"4","7"
"E1720.DY23-06",1,1,FALSE,"DY23-06","2023_AprMay_Dyson","4/24/2023",NA,"14:44",NA,NA,"CTD007",1,"Niskin; Sterivex 0.22µm filter","95% EtOH","Beiring Sea","UBW1",471.8,"54°21.61'","165°55.90'",1000,"Shannon Brown","","4/24/2023 14:44",NA,"2023/04/24 14:44:00",NA,"2023-04-24 06:44:00","54 21.61",54.3601666666667,"165 55.90",-165.931666666667,"7","1"
"E1721.DY23-06",1,1,FALSE,"DY23-06","2023_AprMay_Dyson","4/24/2023",NA,"14:44",NA,NA,"CTD007",8,"Niskin; Sterivex 0.22µm filter","95% EtOH","Beiring Sea","UBW1",30.4,"54°21.61'","165°55.90'",1000,"Shannon Brown","","4/24/2023 14:44",NA,"2023/04/24 14:44:00",NA,"2023-04-24 06:44:00","54 21.61",54.3601666666667,"165 55.90",-165.931666666667,"7","8"
"E1722.DY23-06",1,1,FALSE,"DY23-06","2023_AprMay_Dyson","4/24/2023",NA,"14:44",NA,NA,"CTD007",10,"Niskin; Sterivex 0.22µm filter","95% EtOH","Beiring Sea","UBW1",10.4,"54°21.61'","165°55.90'",1000,"Shannon Brown","","4/24/2023 14:44",NA,"2023/04/24 14:44:00",NA,"2023-04-24 06:44:00","54 21.61",54.3601666666667,"165 55.90",-165.931666666667,"7","10"
"E1723.DY23-06",1,1,FALSE,"DY23-06","2023_AprMay_Dyson","4/24/2023",NA,"22:34",NA,NA,"CTD010",1,"Niskin; Sterivex 0.22µm filter","95% EtOH","Beiring Sea","UBW4",290.2,"54°41.21'","166°13.81'",1000,"Shannon Brown","Stored in fridge for ~2 hours before filtering","4/24/2023 22:34",NA,"2023/04/24 22:34:00",NA,"2023-04-24 14:34:00","54 41.21",54.6868333333333,"166 13.81",-166.230166666667,"10","1"
"E1724.DY23-06",1,1,FALSE,"DY23-06","2023_AprMay_Dyson","4/24/2023",NA,"22:34",NA,NA,"CTD010",7,"Niskin; Sterivex 0.22µm filter","95% EtOH","Beiring Sea","UBW4",30.2,"54°41.21'","166°13.81'",1000,"Shannon Brown","Stored in fridge for ~2 hours before filtering","4/24/2023 22:34",NA,"2023/04/24 22:34:00",NA,"2023-04-24 14:34:00","54 41.21",54.6868333333333,"166 13.81",-166.230166666667,"10","7"
"E1725.DY23-06",1,1,FALSE,"DY23-06","2023_AprMay_Dyson","4/24/2023",NA,"22:34",NA,NA,"CTD010",9,"Niskin; Sterivex 0.22µm filter","95% EtOH","Beiring Sea","UBW4",10.9,"54°41.21'","166°13.81'",1000,"Shannon Brown","Stored in fridge for ~2 hours before filtering","4/24/2023 22:34",NA,"2023/04/24 22:34:00",NA,"2023-04-24 14:34:00","54 41.21",54.6868333333333,"166 13.81",-166.230166666667,"10","9"
"E1726.DY23-06",1,1,FALSE,"DY23-06","2023_AprMay_Dyson","4/25/2023",NA,"6:00",NA,NA,"CTD014",1,"Niskin; Sterivex 0.22µm filter","95% EtOH","Beiring Sea","UBN4",122,"54°56.11'","165°28.95'",1000,"Shannon Brown","","4/25/2023 6:00",NA,"2023/04/25 06:00:00",NA,"2023-04-24 22:00:00","54 56.11",54.9351666666667,"165 28.95",-165.4825,"14","1"
"E1727.DY23-06",1,1,FALSE,"DY23-06","2023_AprMay_Dyson","4/25/2023",NA,"6:00",NA,NA,"CTD014",6,"Niskin; Sterivex 0.22µm filter","95% EtOH","Beiring Sea","UBN4",31,"54°56.11'","165°28.95'",1000,"Shannon Brown","","4/25/2023 6:00",NA,"2023/04/25 06:00:00",NA,"2023-04-24 22:00:00","54 56.11",54.9351666666667,"165 28.95",-165.4825,"14","6"
"E1728.DY23-06",1,1,FALSE,"DY23-06","2023_AprMay_Dyson","4/25/2023",NA,"6:00",NA,NA,"CTD014",8,"Niskin; Sterivex 0.22µm filter","95% EtOH","Beiring Sea","UBN4",11.2,"54°56.11'","165°28.95'",1000,"Shannon Brown","","4/25/2023 6:00",NA,"2023/04/25 06:00:00",NA,"2023-04-24 22:00:00","54 56.11",54.9351666666667,"165 28.95",-165.4825,"14","8"
"E1729.DY23-06",1,1,FALSE,"DY23-06","2023_AprMay_Dyson","4/25/2023",NA,"8:41",NA,NA,"CTD016",1,"Niskin; Sterivex 0.22µm filter","95% EtOH","Beiring Sea","UBN6",110.6,"55°02.85'","165°05.82'",800,"Shannon Brown","Airlocked (smaller volume filtered)","4/25/2023 8:41",NA,"2023/04/25 08:41:00",NA,"2023-04-25 00:41:00","55 02.85",55.0475,"165 05.82",-165.097,"16","1"
"E1730.DY23-06",1,1,FALSE,"DY23-06","2023_AprMay_Dyson","4/25/2023",NA,"8:41",NA,NA,"CTD016",5,"Niskin; Sterivex 0.22µm filter","95% EtOH","Beiring Sea","UBN6",30.5,"55°02.85'","165°05.82'",1000,"Shannon Brown","","4/25/2023 8:41",NA,"2023/04/25 08:41:00",NA,"2023-04-25 00:41:00","55 02.85",55.0475,"165 05.82",-165.097,"16","5"
"E1731.DY23-06",1,1,FALSE,"DY23-06","2023_AprMay_Dyson","4/25/2023",NA,"8:41",NA,NA,"CTD016",8,"Niskin; Sterivex 0.22µm filter","95% EtOH","Beiring Sea","UBN6",10.3,"55°02.85'","165°05.82'",1000,"Shannon Brown","","4/25/2023 8:41",NA,"2023/04/25 08:41:00",NA,"2023-04-25 00:41:00","55 02.85",55.0475,"165 05.82",-165.097,"16","8"
"E1732.DY23-06",1,1,FALSE,"DY23-06","2023_AprMay_Dyson","4/25/2023",NA,"13:28",NA,NA,"CTD019",1,"Niskin; Sterivex 0.22µm filter","95% EtOH","Beiring Sea","UBE3",44.1,"54°43.32'","164°46.47'",1000,"Shannon Brown","","4/25/2023 13:28",NA,"2023/04/25 13:28:00",NA,"2023-04-25 05:28:00","54 43.32",54.722,"164 46.47",-164.7745,"19","1"
"E1733.DY23-06",1,1,FALSE,"DY23-06","2023_AprMay_Dyson","4/25/2023",NA,"13:28",NA,NA,"CTD019",3,"Niskin; Sterivex 0.22µm filter","95% EtOH","Beiring Sea","UBE3",30.2,"54°43.32'","164°46.47'",1000,"Shannon Brown","","4/25/2023 13:28",NA,"2023/04/25 13:28:00",NA,"2023-04-25 05:28:00","54 43.32",54.722,"164 46.47",-164.7745,"19","3"
"E1734.DY23-06",1,1,FALSE,"DY23-06","2023_AprMay_Dyson","4/25/2023",NA,"13:28",NA,NA,"CTD019",5,"Niskin; Sterivex 0.22µm filter","95% EtOH","Beiring Sea","UBE3",10.6,"54°43.32'","164°46.47'",1000,"Shannon Brown","","4/25/2023 13:28",NA,"2023/04/25 13:28:00",NA,"2023-04-25 05:28:00","54 43.32",54.722,"164 46.47",-164.7745,"19","5"
"E1735.DY23-06",1,1,FALSE,"DY23-06","2023_AprMay_Dyson","4/27/2023",NA,"2:44",NA,NA,"CTD027",1,"Niskin; Sterivex 0.22µm filter","95% EtOH","Beiring Sea","70M26",65.6,"58°16.76'","170°06.56'",1000,"Shannon Brown","","4/27/2023 2:44",NA,"2023/04/27 02:44:00",NA,"2023-04-26 18:44:00","58 16.76",58.2793333333333,"170 06.56",-170.109333333333,"27","1"
"E1736.DY23-06",1,1,FALSE,"DY23-06","2023_AprMay_Dyson","4/27/2023",NA,"2:44",NA,NA,"CTD027",4,"Niskin; Sterivex 0.22µm filter","95% EtOH","Beiring Sea","70M26",31.2,"58°16.76'","170°06.56'",1000,"Shannon Brown","","4/27/2023 2:44",NA,"2023/04/27 02:44:00",NA,"2023-04-26 18:44:00","58 16.76",58.2793333333333,"170 06.56",-170.109333333333,"27","4"
"E1737.DY23-06",1,1,FALSE,"DY23-06","2023_AprMay_Dyson","4/27/2023",NA,"2:44",NA,NA,"CTD027",6,"Niskin; Sterivex 0.22µm filter","95% EtOH","Beiring Sea","70M26",10.7,"58°16.76'","170°06.56'",1000,"Shannon Brown","","4/27/2023 2:44",NA,"2023/04/27 02:44:00",NA,"2023-04-26 18:44:00","58 16.76",58.2793333333333,"170 06.56",-170.109333333333,"27","6"
"E1738.DY23-06",1,1,FALSE,"DY23-06","2023_AprMay_Dyson","4/27/2023",NA,"0:05",NA,NA,"CTD025",1,"Niskin; Sterivex 0.22µm filter","95% EtOH","Beiring Sea","Ice Edge Station 2",66.7,"58°20.05'","169°57.60'",1000,"Shannon Brown","","4/27/2023 0:05",NA,"2023/04/27 00:05:00",NA,"2023-04-26 16:05:00","58 20.05",58.3341666666667,"169 57.60",-169.96,"25","1"
"E1739.DY23-06",1,1,FALSE,"DY23-06","2023_AprMay_Dyson","4/27/2023",NA,"0:05",NA,NA,"CTD025",2,"Niskin; Sterivex 0.22µm filter","95% EtOH","Beiring Sea","Ice Edge Station 2",31.1,"58°20.05'","169°57.60'",1000,"Shannon Brown","","4/27/2023 0:05",NA,"2023/04/27 00:05:00",NA,"2023-04-26 16:05:00","58 20.05",58.3341666666667,"169 57.60",-169.96,"25","2"
"E1740.DY23-06",1,1,FALSE,"DY23-06","2023_AprMay_Dyson","4/27/2023",NA,"0:05",NA,NA,"CTD025",3,"Niskin; Sterivex 0.22µm filter","95% EtOH","Beiring Sea","Ice Edge Station 2",10.9,"58°20.05'","169°57.60'",1000,"Shannon Brown","","4/27/2023 0:05",NA,"2023/04/27 00:05:00",NA,"2023-04-26 16:05:00","58 20.05",58.3341666666667,"169 57.60",-169.96,"25","3"
"E1741.DY23-06",1,1,FALSE,"DY23-06","2023_AprMay_Dyson","4/26/2023",NA,"22:56",NA,NA,"CTD024",1,"Niskin; Sterivex 0.22µm filter","95% EtOH","Beiring Sea","Ice Edge Station 1",65.5,"58°19.67'","169°51.10'",1000,"Shannon Brown","","4/26/2023 22:56",NA,"2023/04/26 22:56:00",NA,"2023-04-26 14:56:00","58 19.67",58.3278333333333,"169 51.10",-169.851666666667,"24","1"
"E1742.DY23-06",1,1,FALSE,"DY23-06","2023_AprMay_Dyson","4/26/2023",NA,"22:56",NA,NA,"CTD024",4,"Niskin; Sterivex 0.22µm filter","95% EtOH","Beiring Sea","Ice Edge Station 1",31.5,"58°19.67'","169°51.10'",1000,"Shannon Brown","","4/26/2023 22:56",NA,"2023/04/26 22:56:00",NA,"2023-04-26 14:56:00","58 19.67",58.3278333333333,"169 51.10",-169.851666666667,"24","4"
"E1743.DY23-06",1,1,FALSE,"DY23-06","2023_AprMay_Dyson","4/26/2023",NA,"22:56",NA,NA,"CTD024",6,"Niskin; Sterivex 0.22µm filter","95% EtOH","Beiring Sea","Ice Edge Station 1",10.8,"58°19.67'","169°51.10'",1000,"Shannon Brown","","4/26/2023 22:56",NA,"2023/04/26 22:56:00",NA,"2023-04-26 14:56:00","58 19.67",58.3278333333333,"169 51.10",-169.851666666667,"24","6"
"E1744.DY23-06",1,1,FALSE,"DY23-06","2023_AprMay_Dyson","4/26/2023",NA,"17:08",NA,NA,"CTD023",1,"Niskin; Sterivex 0.22µm filter","95% EtOH","Beiring Sea","Ice Station 2",65.7,"58°19.43'","169°42.17'",1000,"Shannon Brown","","4/26/2023 17:08",NA,"2023/04/26 17:08:00",NA,"2023-04-26 09:08:00","58 19.43",58.3238333333333,"169 42.17",-169.702833333333,"23","1"
"E1745.DY23-06",1,1,FALSE,"DY23-06","2023_AprMay_Dyson","4/26/2023",NA,"17:08",NA,NA,"CTD023",2,"Niskin; Sterivex 0.22µm filter","95% EtOH","Beiring Sea","Ice Station 2",31,"58°19.43'","169°42.17'",1000,"Shannon Brown","","4/26/2023 17:08",NA,"2023/04/26 17:08:00",NA,"2023-04-26 09:08:00","58 19.43",58.3238333333333,"169 42.17",-169.702833333333,"23","2"
"E1746.DY23-06",1,1,FALSE,"DY23-06","2023_AprMay_Dyson","4/26/2023",NA,"17:08",NA,NA,"CTD023",3,"Niskin; Sterivex 0.22µm filter","95% EtOH","Beiring Sea","Ice Station 2",10.8,"58°19.43'","169°42.17'",1000,"Shannon Brown","","4/26/2023 17:08",NA,"2023/04/26 17:08:00",NA,"2023-04-26 09:08:00","58 19.43",58.3238333333333,"169 42.17",-169.702833333333,"23","3"
"E1747.DY23-06",1,1,FALSE,"DY23-06","2023_AprMay_Dyson","4/26/2023",NA,"19:46",NA,NA,"CTD022",1,"Niskin; Sterivex 0.22µm filter","95% EtOH","Beiring Sea","Ice Station 1",66,"58°16.73'","169°43.24'",1000,"Shannon Brown","","4/26/2023 19:46",NA,"2023/04/26 19:46:00",NA,"2023-04-26 11:46:00","58 16.73",58.2788333333333,"169 43.24",-169.720666666667,"22","1"
"E1748.DY23-06",1,1,FALSE,"DY23-06","2023_AprMay_Dyson","4/26/2023",NA,"19:46",NA,NA,"CTD022",2,"Niskin; Sterivex 0.22µm filter","95% EtOH","Beiring Sea","Ice Station 1",31,"58°16.73'","169°43.24'",1000,"Shannon Brown","","4/26/2023 19:46",NA,"2023/04/26 19:46:00",NA,"2023-04-26 11:46:00","58 16.73",58.2788333333333,"169 43.24",-169.720666666667,"22","2"
"E1749.DY23-06",1,1,FALSE,"DY23-06","2023_AprMay_Dyson","4/26/2023",NA,"19:46",NA,NA,"CTD022",3,"Niskin; Sterivex 0.22µm filter","95% EtOH","Beiring Sea","Ice Station 1",11,"58°16.73'","169°43.24'",1000,"Shannon Brown","","4/26/2023 19:46",NA,"2023/04/26 19:46:00",NA,"2023-04-26 11:46:00","58 16.73",58.2788333333333,"169 43.24",-169.720666666667,"22","3"
"E1750.DY23-06",1,1,FALSE,"DY23-06","2023_AprMay_Dyson","4/27/2023",NA,"5:41",NA,NA,"CTD028",1,"Niskin; Sterivex 0.22µm filter","95% EtOH","Beiring Sea","70M24",64.8,"58°02.70'","169°40.85'",1000,"Shannon Brown","","4/27/2023 5:41",NA,"2023/04/27 05:41:00",NA,"2023-04-26 21:41:00","58 02.70",58.045,"169 40.85",-169.680833333333,"28","1"
"E1751.DY23-06",1,1,FALSE,"DY23-06","2023_AprMay_Dyson","4/27/2023",NA,"5:41",NA,NA,"CTD028",4,"Niskin; Sterivex 0.22µm filter","95% EtOH","Beiring Sea","70M24",30.9,"58°02.70'","169°40.85'",1000,"Shannon Brown","","4/27/2023 5:41",NA,"2023/04/27 05:41:00",NA,"2023-04-26 21:41:00","58 02.70",58.045,"169 40.85",-169.680833333333,"28","4"
"E1752.DY23-06",1,1,FALSE,"DY23-06","2023_AprMay_Dyson","4/27/2023",NA,"5:41",NA,NA,"CTD028",6,"Niskin; Sterivex 0.22µm filter","95% EtOH","Beiring Sea","70M24",10.5,"58°02.70'","169°40.85'",1000,"Shannon Brown","","4/27/2023 5:41",NA,"2023/04/27 05:41:00",NA,"2023-04-26 21:41:00","58 02.70",58.045,"169 40.85",-169.680833333333,"28","6"
"E1753.DY23-06",1,1,FALSE,"DY23-06","2023_AprMay_Dyson","4/27/2023",NA,"8:16",NA,NA,"CTD030",1,"Niskin; Sterivex 0.22µm filter","95% EtOH","Beiring Sea","70M22",62.6,"57°55.79'","169°19.96'",1000,"Shannon Brown","","4/27/2023 8:16",NA,"2023/04/27 08:16:00",NA,"2023-04-27 00:16:00","57 55.79",57.9298333333333,"169 19.96",-169.332666666667,"30","1"
"E1754.DY23-06",1,1,FALSE,"DY23-06","2023_AprMay_Dyson","4/27/2023",NA,"8:16",NA,NA,"CTD030",4,"Niskin; Sterivex 0.22µm filter","95% EtOH","Beiring Sea","70M22",30.4,"57°55.79'","169°19.96'",1000,"Shannon Brown","","4/27/2023 8:16",NA,"2023/04/27 08:16:00",NA,"2023-04-27 00:16:00","57 55.79",57.9298333333333,"169 19.96",-169.332666666667,"30","4"
"E1755.DY23-06",1,1,FALSE,"DY23-06","2023_AprMay_Dyson","4/27/2023",NA,"8:16",NA,NA,"CTD030",6,"Niskin; Sterivex 0.22µm filter","95% EtOH","Beiring Sea","70M22",10.5,"57°55.79'","169°19.96'",1000,"Shannon Brown","","4/27/2023 8:16",NA,"2023/04/27 08:16:00",NA,"2023-04-27 00:16:00","57 55.79",57.9298333333333,"169 19.96",-169.332666666667,"30","6"
"E1756.DY23-06",1,1,FALSE,"DY23-06","2023_AprMay_Dyson","4/27/2023",NA,"17:25",NA,NA,"CTD033",1,"Niskin; Sterivex 0.22µm filter","95% EtOH","Beiring Sea","M4",67.3,"57°51.25'","168°54.18'",1000,"Shannon Brown","Stored in fridge for 4-10 hours before filtering","4/27/2023 17:25",NA,"2023/04/27 17:25:00",NA,"2023-04-27 09:25:00","57 51.25",57.8541666666667,"168 54.18",-168.903,"33","1"
"E1757.DY23-06",1,1,FALSE,"DY23-06","2023_AprMay_Dyson","4/27/2023",NA,"17:25",NA,NA,"CTD033",4,"Niskin; Sterivex 0.22µm filter","95% EtOH","Beiring Sea","M4",30.9,"57°51.25'","168°54.18'",1000,"Shannon Brown","Stored in fridge for 4-10 hours before filtering","4/27/2023 17:25",NA,"2023/04/27 17:25:00",NA,"2023-04-27 09:25:00","57 51.25",57.8541666666667,"168 54.18",-168.903,"33","4"
"E1758.DY23-06",1,1,FALSE,"DY23-06","2023_AprMay_Dyson","4/27/2023",NA,"17:25",NA,NA,"CTD033",6,"Niskin; Sterivex 0.22µm filter","95% EtOH","Beiring Sea","M4",9.6,"57°51.25'","168°54.18'",1000,"Shannon Brown","Stored in fridge for 4-10 hours before filtering","4/27/2023 17:25",NA,"2023/04/27 17:25:00",NA,"2023-04-27 09:25:00","57 51.25",57.8541666666667,"168 54.18",-168.903,"33","6"
"E1759.DY23-06",1,1,FALSE,"DY23-06","2023_AprMay_Dyson","4/27/2023",NA,"19:40",NA,NA,"CTD034",1,"Niskin; Sterivex 0.22µm filter","95% EtOH","Beiring Sea","70M19",63.9,"57°39.24'","169°00.63'",1000,"Shannon Brown","Stored in fridge for 4-10 hours before filtering","4/27/2023 19:40",NA,"2023/04/27 19:40:00",NA,"2023-04-27 11:40:00","57 39.24",57.654,"169 00.63",-169.0105,"34","1"
"E1760.DY23-06",1,1,FALSE,"DY23-06","2023_AprMay_Dyson","4/27/2023",NA,"19:40",NA,NA,"CTD034",4,"Niskin; Sterivex 0.22µm filter","95% EtOH","Beiring Sea","70M19",31,"57°39.24'","169°00.63'",1000,"Shannon Brown","Stored in fridge for 4-10 hours before filtering","4/27/2023 19:40",NA,"2023/04/27 19:40:00",NA,"2023-04-27 11:40:00","57 39.24",57.654,"169 00.63",-169.0105,"34","4"
"E1761.DY23-06",1,1,FALSE,"DY23-06","2023_AprMay_Dyson","4/27/2023",NA,"19:40",NA,NA,"CTD034",6,"Niskin; Sterivex 0.22µm filter","95% EtOH","Beiring Sea","70M19",10.6,"57°39.24'","169°00.63'",1000,"Shannon Brown","Stored in fridge for 4-10 hours before filtering","4/27/2023 19:40",NA,"2023/04/27 19:40:00",NA,"2023-04-27 11:40:00","57 39.24",57.654,"169 00.63",-169.0105,"34","6"
"E1762.DY23-06",1,1,FALSE,"DY23-06","2023_AprMay_Dyson","4/27/2023",NA,"21:42",NA,NA,"CTD035",1,"Niskin; Sterivex 0.22µm filter","95% EtOH","Beiring Sea","70M18",66.5,"57°31.41'","168°36.68'",1000,"Shannon Brown","Stored in fridge for 4-10 hours before filtering","4/27/2023 21:42",NA,"2023/04/27 21:42:00",NA,"2023-04-27 13:42:00","57 31.41",57.5235,"168 36.68",-168.611333333333,"35","1"
"E1763.DY23-06",1,1,FALSE,"DY23-06","2023_AprMay_Dyson","4/27/2023",NA,"21:42",NA,NA,"CTD035",4,"Niskin; Sterivex 0.22µm filter","95% EtOH","Beiring Sea","70M18",30.6,"57°31.41'","168°36.68'",1000,"Shannon Brown","Stored in fridge for 4-10 hours before filtering","4/27/2023 21:42",NA,"2023/04/27 21:42:00",NA,"2023-04-27 13:42:00","57 31.41",57.5235,"168 36.68",-168.611333333333,"35","4"
"E1764.DY23-06",1,1,FALSE,"DY23-06","2023_AprMay_Dyson","4/27/2023",NA,"21:42",NA,NA,"CTD035",6,"Niskin; Sterivex 0.22µm filter","95% EtOH","Beiring Sea","70M18",10.2,"57°31.41'","168°36.68'",1000,"Shannon Brown","Stored in fridge for 4-10 hours before filtering","4/27/2023 21:42",NA,"2023/04/27 21:42:00",NA,"2023-04-27 13:42:00","57 31.41",57.5235,"168 36.68",-168.611333333333,"35","6"
"E1765.DY23-06",1,1,FALSE,"DY23-06","2023_AprMay_Dyson","4/28/2023",NA,"0:34",NA,NA,"CTD037",1,"Niskin; Sterivex 0.22µm filter","95% EtOH","Beiring Sea","70M16",67.3,"57°30.05'","167°59.30'",1000,"Shannon Brown","Stored in fridge for 4-10 hours before filtering","4/28/2023 0:34",NA,"2023/04/28 00:34:00",NA,"2023-04-27 16:34:00","57 30.05",57.5008333333333,"167 59.30",-167.988333333333,"37","1"
"E1766.DY23-06",1,1,FALSE,"DY23-06","2023_AprMay_Dyson","4/28/2023",NA,"0:34",NA,NA,"CTD037",4,"Niskin; Sterivex 0.22µm filter","95% EtOH","Beiring Sea","70M16",30.9,"57°30.05'","167°59.30'",1000,"Shannon Brown","Stored in fridge for 4-10 hours before filtering","4/28/2023 0:34",NA,"2023/04/28 00:34:00",NA,"2023-04-27 16:34:00","57 30.05",57.5008333333333,"167 59.30",-167.988333333333,"37","4"
"E1767.DY23-06",1,1,FALSE,"DY23-06","2023_AprMay_Dyson","4/28/2023",NA,"0:34",NA,NA,"CTD037",6,"Niskin; Sterivex 0.22µm filter","95% EtOH","Beiring Sea","70M16",10.3,"57°30.05'","167°59.30'",1000,"Shannon Brown","Stored in fridge for 4-10 hours before filtering","4/28/2023 0:34",NA,"2023/04/28 00:34:00",NA,"2023-04-27 16:34:00","57 30.05",57.5008333333333,"167 59.30",-167.988333333333,"37","6"
"E1768.DY23-06",1,1,FALSE,"DY23-06","2023_AprMay_Dyson","4/28/2023",NA,"3:31",NA,NA,"CTD039",1,"Niskin; Sterivex 0.22µm filter","95% EtOH","Beiring Sea","70M14",65.6,"57°29.87'","167°20.57'",1000,"Shannon Brown","","4/28/2023 3:31",NA,"2023/04/28 03:31:00",NA,"2023-04-27 19:31:00","57 29.87",57.4978333333333,"167 20.57",-167.342833333333,"39","1"
"E1769.DY23-06",1,1,FALSE,"DY23-06","2023_AprMay_Dyson","4/28/2023",NA,"3:31",NA,NA,"CTD039",4,"Niskin; Sterivex 0.22µm filter","95% EtOH","Beiring Sea","70M14",30.6,"57°29.87'","167°20.57'",1000,"Shannon Brown","","4/28/2023 3:31",NA,"2023/04/28 03:31:00",NA,"2023-04-27 19:31:00","57 29.87",57.4978333333333,"167 20.57",-167.342833333333,"39","4"
"E1770.DY23-06",1,1,FALSE,"DY23-06","2023_AprMay_Dyson","4/28/2023",NA,"3:31",NA,NA,"CTD039",6,"Niskin; Sterivex 0.22µm filter","95% EtOH","Beiring Sea","70M14",9.7,"57°29.87'","167°20.57'",1000,"Shannon Brown","","4/28/2023 3:31",NA,"2023/04/28 03:31:00",NA,"2023-04-27 19:31:00","57 29.87",57.4978333333333,"167 20.57",-167.342833333333,"39","6"
"E1771.NC.DY23-06",NA,NA,TRUE,"DY23-06","2023_AprMay_Dyson","4/28/2023",NA,"",NA,NA,NA,NA,"Sterivex 0.22µm filter","95% EtOH",NA,NA,NA,NA,NA,1000,"Shannon Brown","","4/28/2023 ",NA,"2023/04/28 00:00:00",NA,"2023-04-27 16:00:00",NA,NA,NA,NA,NA,NA
"E1772.DY23-06",1,1,FALSE,"DY23-06","2023_AprMay_Dyson","4/28/2023",NA,"6:15",NA,NA,"CTD041",1,"Niskin; Sterivex 0.22µm filter","95% EtOH","Beiring Sea","70M12",64.1,"57°25.86'","166°48.78'",1000,"Shannon Brown","","4/28/2023 6:15",NA,"2023/04/28 06:15:00",NA,"2023-04-27 22:15:00","57 25.86",57.431,"166 48.78",-166.813,"41","1"
"E1773.DY23-06",1,1,FALSE,"DY23-06","2023_AprMay_Dyson","4/28/2023",NA,"6:15",NA,NA,"CTD041",4,"Niskin; Sterivex 0.22µm filter","95% EtOH","Beiring Sea","70M12",31.1,"57°25.86'","166°48.78'",1000,"Shannon Brown","","4/28/2023 6:15",NA,"2023/04/28 06:15:00",NA,"2023-04-27 22:15:00","57 25.86",57.431,"166 48.78",-166.813,"41","4"
"E1774.DY23-06",1,1,FALSE,"DY23-06","2023_AprMay_Dyson","4/28/2023",NA,"6:15",NA,NA,"CTD041",6,"Niskin; Sterivex 0.22µm filter","95% EtOH","Beiring Sea","70M12",10.5,"57°25.86'","166°48.78'",1000,"Shannon Brown","Accidently have a repeated sample ID, but from two different sites","4/28/2023 6:15",NA,"2023/04/28 06:15:00",NA,"2023-04-27 22:15:00","57 25.86",57.431,"166 48.78",-166.813,"41","6"
"E1777.DY23-06",1,1,FALSE,"DY23-06","2023_AprMay_Dyson","4/28/2023",NA,"8:47",NA,NA,"CTD043",1,"Niskin; Sterivex 0.22µm filter","95% EtOH","Beiring Sea","70M10",63.4,"57°26.39'","166°19.60'",1000,"Shannon Brown","Accidently have a repeated sample ID, but from two different sites","4/28/2023 8:47",NA,"2023/04/28 08:47:00",NA,"2023-04-28 00:47:00","57 26.39",57.4398333333333,"166 19.60",-166.326666666667,"43","1"
"E1775.DY23-06",1,1,FALSE,"DY23-06","2023_AprMay_Dyson","4/28/2023",NA,"8:47",NA,NA,"CTD043",4,"Niskin; Sterivex 0.22µm filter","95% EtOH","Beiring Sea","70M10",30.3,"57°26.39'","166°19.60'",1000,"Shannon Brown","","4/28/2023 8:47",NA,"2023/04/28 08:47:00",NA,"2023-04-28 00:47:00","57 26.39",57.4398333333333,"166 19.60",-166.326666666667,"43","4"
"E1776.DY23-06",1,1,FALSE,"DY23-06","2023_AprMay_Dyson","4/28/2023",NA,"8:47",NA,NA,"CTD043",6,"Niskin; Sterivex 0.22µm filter","95% EtOH","Beiring Sea","70M10",10,"57°26.39'","166°19.60'",1000,"Shannon Brown","","4/28/2023 8:47",NA,"2023/04/28 08:47:00",NA,"2023-04-28 00:47:00","57 26.39",57.4398333333333,"166 19.60",-166.326666666667,"43","6"
"E1777.DY23-06",1,1,FALSE,"DY23-06","2023_AprMay_Dyson","",NA,"",NA,NA,NA,NA,NA,NA,NA,NA,NA,NA,NA,NA,"Shannon Brown","Missing this sample ID; need to check physical samples & notebook"," ",NA,NA,NA,NA,NA,NA,NA,NA,NA,NA
"E1778.DY23-06",1,1,FALSE,"DY23-06","2023_AprMay_Dyson","4/28/2023",NA,"19:37",NA,NA,"CTD049",1,"Niskin; Sterivex 0.22µm filter","95% EtOH","Beiring Sea","70M8",64,"57°15.70'","165°44.93'",1000,"Shannon Brown","Stored in fridge for 2-6 hours before filtering","4/28/2023 19:37",NA,"2023/04/28 19:37:00",NA,"2023-04-28 11:37:00","57 15.70",57.2616666666667,"165 44.93",-165.748833333333,"49","1"
"E1779.DY23-06",1,1,FALSE,"DY23-06","2023_AprMay_Dyson","4/28/2023",NA,"19:37",NA,NA,"CTD049",4,"Niskin; Sterivex 0.22µm filter","95% EtOH","Beiring Sea","70M8",31.1,"57°15.70'","165°44.93'",1000,"Shannon Brown","Stored in fridge for 2-6 hours before filtering","4/28/2023 19:37",NA,"2023/04/28 19:37:00",NA,"2023-04-28 11:37:00","57 15.70",57.2616666666667,"165 44.93",-165.748833333333,"49","4"
"E1780.DY23-06",1,1,FALSE,"DY23-06","2023_AprMay_Dyson","4/28/2023",NA,"19:37",NA,NA,"CTD049",6,"Niskin; Sterivex 0.22µm filter","95% EtOH","Beiring Sea","70M8",10.6,"57°15.70'","165°44.93'",1000,"Shannon Brown","Stored in fridge for 2-6 hours before filtering","4/28/2023 19:37",NA,"2023/04/28 19:37:00",NA,"2023-04-28 11:37:00","57 15.70",57.2616666666667,"165 44.93",-165.748833333333,"49","6"
"E1781.DY23-06",1,1,FALSE,"DY23-06","2023_AprMay_Dyson","4/28/2023",NA,"22:22",NA,NA,"CTD051",1,"Niskin; Sterivex 0.22µm filter","95% EtOH","Beiring Sea","70M6",66.8,"56°59.58'","165°22.49'",1000,"Shannon Brown","Stored in fridge for 2-6 hours before filtering","4/28/2023 22:22",NA,"2023/04/28 22:22:00",NA,"2023-04-28 14:22:00","56 59.58",56.993,"165 22.49",-165.374833333333,"51","1"
"E1782.DY23-06",1,1,FALSE,"DY23-06","2023_AprMay_Dyson","4/28/2023",NA,"22:22",NA,NA,"CTD051",4,"Niskin; Sterivex 0.22µm filter","95% EtOH","Beiring Sea","70M6",30.7,"56°59.58'","165°22.49'",1000,"Shannon Brown","Stored in fridge for 2-6 hours before filtering","4/28/2023 22:22",NA,"2023/04/28 22:22:00",NA,"2023-04-28 14:22:00","56 59.58",56.993,"165 22.49",-165.374833333333,"51","4"
"E1783.DY23-06",1,1,FALSE,"DY23-06","2023_AprMay_Dyson","4/28/2023",NA,"22:22",NA,NA,"CTD051",6,"Niskin; Sterivex 0.22µm filter","95% EtOH","Beiring Sea","70M6",11.1,"56°59.58'","165°22.49'",1000,"Shannon Brown","Stored in fridge for 2-6 hours before filtering","4/28/2023 22:22",NA,"2023/04/28 22:22:00",NA,"2023-04-28 14:22:00","56 59.58",56.993,"165 22.49",-165.374833333333,"51","6"
"E1784.DY23-06",1,1,FALSE,"DY23-06","2023_AprMay_Dyson","4/29/2023",NA,"1:37",NA,NA,"CTD053",1,"Niskin; Sterivex 0.22µm filter","95% EtOH","Beiring Sea","70M4",67.2,"56°54.46'","164°50.17'",1000,"Shannon Brown","Sampled last on niskins","4/29/2023 1:37",NA,"2023/04/29 01:37:00",NA,"2023-04-28 17:37:00","56 54.46",56.9076666666667,"164 50.17",-164.836166666667,"53","1"
"E1785.DY23-06",1,1,FALSE,"DY23-06","2023_AprMay_Dyson","4/29/2023",NA,"1:37",NA,NA,"CTD053",4,"Niskin; Sterivex 0.22µm filter","95% EtOH","Beiring Sea","70M4",31.2,"56°54.46'","164°50.17'",1000,"Shannon Brown","Sampled last on niskins","4/29/2023 1:37",NA,"2023/04/29 01:37:00",NA,"2023-04-28 17:37:00","56 54.46",56.9076666666667,"164 50.17",-164.836166666667,"53","4"
"E1786.DY23-06",1,1,FALSE,"DY23-06","2023_AprMay_Dyson","4/29/2023",NA,"1:37",NA,NA,"CTD053",7,"Niskin; Sterivex 0.22µm filter","95% EtOH","Beiring Sea","70M4",11.3,"56°54.46'","164°50.17'",1000,"Shannon Brown","Sampled last on niskins","4/29/2023 1:37",NA,"2023/04/29 01:37:00",NA,"2023-04-28 17:37:00","56 54.46",56.9076666666667,"164 50.17",-164.836166666667,"53","7"
"E1787.DY23-06",1,1,FALSE,"DY23-06","2023_AprMay_Dyson","4/29/2023",NA,"4:23",NA,NA,"CTD055",1,"Niskin; Sterivex 0.22µm filter","95% EtOH","Beiring Sea","M2W",69,"56°45.96'","164°20.09'",1000,"Shannon Brown","","4/29/2023 4:23",NA,"2023/04/29 04:23:00",NA,"2023-04-28 20:23:00","56 45.96",56.766,"164 20.09",-164.334833333333,"55","1"
"E1788.DY23-06",1,1,FALSE,"DY23-06","2023_AprMay_Dyson","4/29/2023",NA,"4:23",NA,NA,"CTD055",4,"Niskin; Sterivex 0.22µm filter","95% EtOH","Beiring Sea","M2W",30.4,"56°45.96'","164°20.09'",1000,"Shannon Brown","","4/29/2023 4:23",NA,"2023/04/29 04:23:00",NA,"2023-04-28 20:23:00","56 45.96",56.766,"164 20.09",-164.334833333333,"55","4"
"E1789.DY23-06",1,1,FALSE,"DY23-06","2023_AprMay_Dyson","4/29/2023",NA,"4:23",NA,NA,"CTD055",7,"Niskin; Sterivex 0.22µm filter","95% EtOH","Beiring Sea","M2W",11,"56°45.96'","164°20.09'",1000,"Shannon Brown","","4/29/2023 4:23",NA,"2023/04/29 04:23:00",NA,"2023-04-28 20:23:00","56 45.96",56.766,"164 20.09",-164.334833333333,"55","7"
"E1790.DY23-06",1,1,FALSE,"DY23-06","2023_AprMay_Dyson","4/29/2023",NA,"8:35",NA,NA,"CTD057",1,"Niskin; Sterivex 0.22µm filter","95% EtOH","Beiring Sea","M2E",64.2,"56°56.56'","163°50.12'",1000,"Shannon Brown","","4/29/2023 8:35",NA,"2023/04/29 08:35:00",NA,"2023-04-29 00:35:00","56 56.56",56.9426666666667,"163 50.12",-163.835333333333,"57","1"
"E1791.DY23-06",1,1,FALSE,"DY23-06","2023_AprMay_Dyson","4/29/2023",NA,"8:35",NA,NA,"CTD057",4,"Niskin; Sterivex 0.22µm filter","95% EtOH","Beiring Sea","M2E",30.5,"56°56.56'","163°50.12'",1000,"Shannon Brown","","4/29/2023 8:35",NA,"2023/04/29 08:35:00",NA,"2023-04-29 00:35:00","56 56.56",56.9426666666667,"163 50.12",-163.835333333333,"57","4"
"E1792.DY23-06",1,1,FALSE,"DY23-06","2023_AprMay_Dyson","4/29/2023",NA,"8:35",NA,NA,"CTD057",6,"Niskin; Sterivex 0.22µm filter","95% EtOH","Beiring Sea","M2E",10.4,"56°56.56'","163°50.12'",1000,"Shannon Brown","","4/29/2023 8:35",NA,"2023/04/29 08:35:00",NA,"2023-04-29 00:35:00","56 56.56",56.9426666666667,"163 50.12",-163.835333333333,"57","6"
"E1793.DY23-06",1,1,FALSE,"DY23-06","2023_AprMay_Dyson","4/29/2023",NA,"14:49",NA,NA,"CTD059",1,"Niskin; Sterivex 0.22µm filter","95% EtOH","Beiring Sea","M2",67.5,"56°52.35'","164°03.25'",1000,"Shannon Brown","Stored in fridge for ~14 hours before filtering","4/29/2023 14:49",NA,"2023/04/29 14:49:00",NA,"2023-04-29 06:49:00","56 52.35",56.8725,"164 03.25",-164.054166666667,"59","1"
"E1794.DY23-06",1,1,FALSE,"DY23-06","2023_AprMay_Dyson","4/29/2023",NA,"14:49",NA,NA,"CTD059",4,"Niskin; Sterivex 0.22µm filter","95% EtOH","Beiring Sea","M2",30.9,"56°52.35'","164°03.25'",1000,"Shannon Brown","Stored in fridge for ~14 hours before filtering","4/29/2023 14:49",NA,"2023/04/29 14:49:00",NA,"2023-04-29 06:49:00","56 52.35",56.8725,"164 03.25",-164.054166666667,"59","4"
"E1795.DY23-06",1,1,FALSE,"DY23-06","2023_AprMay_Dyson","4/29/2023",NA,"14:49",NA,NA,"CTD059",6,"Niskin; Sterivex 0.22µm filter","95% EtOH","Beiring Sea","M2",9.9,"56°52.35'","164°03.25'",1000,"Shannon Brown","Stored in fridge for ~14 hours before filtering","4/29/2023 14:49",NA,"2023/04/29 14:49:00",NA,"2023-04-29 06:49:00","56 52.35",56.8725,"164 03.25",-164.054166666667,"59","6"
"E1796.DY23-06",1,1,FALSE,"DY23-06","2023_AprMay_Dyson","4/30/2023",NA,"14:14",NA,NA,"CTD065",4,"Niskin; Sterivex 0.22µm filter","95% EtOH","Beiring Sea","M2C",32,"56°51.86'","164°02.96'",1000,"Shannon Brown","M2 repeat; stored in fridge for 11 hours before filtering","4/30/2023 14:14",NA,"2023/04/30 14:14:00",NA,"2023-04-30 06:14:00","56 51.86",56.8643333333333,"164 02.96",-164.049333333333,"65","4"
"E1797.DY23-06",1,1,FALSE,"DY23-06","2023_AprMay_Dyson","4/30/2023",NA,"14:14",NA,NA,"CTD065",1,"Niskin; Sterivex 0.22µm filter","95% EtOH","Beiring Sea","M2C",65.8,"56°51.86'","164°02.96'",1000,"Shannon Brown","M2 repeat; stored in fridge for 11 hours before filtering","4/30/2023 14:14",NA,"2023/04/30 14:14:00",NA,"2023-04-30 06:14:00","56 51.86",56.8643333333333,"164 02.96",-164.049333333333,"65","1"
"E1798.DY23-06",1,1,FALSE,"DY23-06","2023_AprMay_Dyson","4/30/2023",NA,"14:14",NA,NA,"CTD065",6,"Niskin; Sterivex 0.22µm filter","95% EtOH","Beiring Sea","M2C",11.4,"56°51.86'","164°02.96'",1000,"Shannon Brown","M2 repeat; stored in fridge for 11 hours before filtering","4/30/2023 14:14",NA,"2023/04/30 14:14:00",NA,"2023-04-30 06:14:00","56 51.86",56.8643333333333,"164 02.96",-164.049333333333,"65","6"
"E1799.DY23-06",1,1,FALSE,"DY23-06","2023_AprMay_Dyson","5/2/2023",NA,"2:23",NA,NA,"CTD068",1,"Niskin; Sterivex 0.22µm filter","95% EtOH","Beiring Sea","KUM2A",36.2,"58°15.67'","163°39.66'",1000,"Shannon Brown","","5/2/2023 2:23",NA,"2023/05/02 02:23:00",NA,"2023-05-01 18:23:00","58 15.67",58.2611666666667,"163 39.66",-163.661,"68","1"
"E1800.DY23-06",1,1,FALSE,"DY23-06","2023_AprMay_Dyson","5/2/2023",NA,"2:23",NA,NA,"CTD068",3,"Niskin; Sterivex 0.22µm filter","95% EtOH","Beiring Sea","KUM2A",10.9,"58°15.67'","163°39.66'",1000,"Shannon Brown","","5/2/2023 2:23",NA,"2023/05/02 02:23:00",NA,"2023-05-01 18:23:00","58 15.67",58.2611666666667,"163 39.66",-163.661,"68","3"
"E1801.DY23-06",1,1,FALSE,"DY23-06","2023_AprMay_Dyson","5/5/2023",NA,"22:01",NA,NA,"CTD078",1,"Niskin; Sterivex 0.22µm filter","95% EtOH","Beiring Sea","AW1",202.1,"53°58.89'","166°58.55'",1000,"Shannon Brown","Stored in fridge for 6-7 hours before filtering","5/5/2023 22:01",NA,"2023/05/05 22:01:00",NA,"2023-05-05 14:01:00","53 58.89",53.9815,"166 58.55",-166.975833333333,"78","1"
"E1802.DY23-06",1,1,FALSE,"DY23-06","2023_AprMay_Dyson","5/5/2023",NA,"22:01",NA,NA,"CTD078",2,"Niskin; Sterivex 0.22µm filter","95% EtOH","Beiring Sea","AW1",101.1,"53°58.89'","166°58.55'",1000,"Shannon Brown","Stored in fridge for 6-7 hours before filtering","5/5/2023 22:01",NA,"2023/05/05 22:01:00",NA,"2023-05-05 14:01:00","53 58.89",53.9815,"166 58.55",-166.975833333333,"78","2"
"E1803.DY23-06",1,1,FALSE,"DY23-06","2023_AprMay_Dyson","5/5/2023",NA,"22:01",NA,NA,"CTD078",8,"Niskin; Sterivex 0.22µm filter","95% EtOH","Beiring Sea","AW1",13,"53°58.89'","166°58.55'",1000,"Shannon Brown","Stored in fridge for 6-7 hours before filtering","5/5/2023 22:01",NA,"2023/05/05 22:01:00",NA,"2023-05-05 14:01:00","53 58.89",53.9815,"166 58.55",-166.975833333333,"78","8"
"E1804.DY23-06",1,1,FALSE,"DY23-06","2023_AprMay_Dyson","5/6/2023",NA,"2:29",NA,NA,"CTD080",1,"Niskin; Sterivex 0.22µm filter","95% EtOH","Beiring Sea","AW3",1519.7,"54°10.28'","167°09.38'",1000,"Shannon Brown","","5/6/2023 2:29",NA,"2023/05/06 02:29:00",NA,"2023-05-05 18:29:00","54 10.28",54.1713333333333,"167 09.38",-167.156333333333,"80","1"
"E1805.DY23-06",1,1,FALSE,"DY23-06","2023_AprMay_Dyson","5/6/2023",NA,"2:29",NA,NA,"CTD080",2,"Niskin; Sterivex 0.22µm filter","95% EtOH","Beiring Sea","AW3",757.3,"54°10.28'","167°09.38'",1000,"Shannon Brown","","5/6/2023 2:29",NA,"2023/05/06 02:29:00",NA,"2023-05-05 18:29:00","54 10.28",54.1713333333333,"167 09.38",-167.156333333333,"80","2"
"E1806.DY23-06",1,1,FALSE,"DY23-06","2023_AprMay_Dyson","5/6/2023",NA,"2:29",NA,NA,"CTD080",10,"Niskin; Sterivex 0.22µm filter","95% EtOH","Beiring Sea","AW3",10.7,"54°10.28'","167°09.38'",1000,"Shannon Brown","","5/6/2023 2:29",NA,"2023/05/06 02:29:00",NA,"2023-05-05 18:29:00","54 10.28",54.1713333333333,"167 09.38",-167.156333333333,"80","10"
"E1807.DY23-06",1,1,FALSE,"DY23-06","2023_AprMay_Dyson","5/6/2023",NA,"7:28",NA,NA,"CTD082",1,"Niskin; Sterivex 0.22µm filter","95% EtOH","Beiring Sea","AW5",647.3,"54°26.95'","167°23.07'",1000,"Shannon Brown","","5/6/2023 7:28",NA,"2023/05/06 07:28:00",NA,"2023-05-05 23:28:00","54 26.95",54.4491666666667,"167 23.07",-167.3845,"82","1"
"E1808.DY23-06",1,1,FALSE,"DY23-06","2023_AprMay_Dyson","5/6/2023",NA,"7:28",NA,NA,"CTD082",3,"Niskin; Sterivex 0.22µm filter","95% EtOH","Beiring Sea","AW5",303.2,"54°26.95'","167°23.07'",1000,"Shannon Brown","","5/6/2023 7:28",NA,"2023/05/06 07:28:00",NA,"2023-05-05 23:28:00","54 26.95",54.4491666666667,"167 23.07",-167.3845,"82","3"
"E1809.DY23-06",1,1,FALSE,"DY23-06","2023_AprMay_Dyson","5/6/2023",NA,"7:28",NA,NA,"CTD082",10,"Niskin; Sterivex 0.22µm filter","95% EtOH","Beiring Sea","AW5",10.5,"54°26.95'","167°23.07'",1000,"Shannon Brown","","5/6/2023 7:28",NA,"2023/05/06 07:28:00",NA,"2023-05-05 23:28:00","54 26.95",54.4491666666667,"167 23.07",-167.3845,"82","10"
"E1810.DY23-06",1,1,FALSE,"DY23-06","2023_AprMay_Dyson","5/6/2023",NA,"13:14",NA,NA,"CTD084",1,"Niskin; Sterivex 0.22µm filter","95% EtOH","Beiring Sea","UT5",425.4,"54°33.33'","166°35.80'",1000,"Shannon Brown","","5/6/2023 13:14",NA,"2023/05/06 13:14:00",NA,"2023-05-06 05:14:00","54 33.33",54.5555,"166 35.80",-166.596666666667,"84","1"
"E1811.DY23-06",1,1,FALSE,"DY23-06","2023_AprMay_Dyson","5/6/2023",NA,"13:14",NA,NA,"CTD084",3,"Niskin; Sterivex 0.22µm filter","95% EtOH","Beiring Sea","UT5",202.1,"54°33.33'","166°35.80'",1000,"Shannon Brown","","5/6/2023 13:14",NA,"2023/05/06 13:14:00",NA,"2023-05-06 05:14:00","54 33.33",54.5555,"166 35.80",-166.596666666667,"84","3"
"E1812.DY23-06",1,1,FALSE,"DY23-06","2023_AprMay_Dyson","5/6/2023",NA,"13:14",NA,NA,"CTD084",10,"Niskin; Sterivex 0.22µm filter","95% EtOH","Beiring Sea","UT5",10.7,"54°33.33'","166°35.80'",1000,"Shannon Brown","","5/6/2023 13:14",NA,"2023/05/06 13:14:00",NA,"2023-05-06 05:14:00","54 33.33",54.5555,"166 35.80",-166.596666666667,"84","10"
"E1813.DY23-06",1,1,FALSE,"DY23-06","2023_AprMay_Dyson","5/6/2023",NA,"16:37",NA,NA,"CTD085",1,"Niskin; Sterivex 0.22µm filter","95% EtOH","Beiring Sea","UT3",985.6,"54°17.90'","166°22.04'",1000,"Shannon Brown","","5/6/2023 16:37",NA,"2023/05/06 16:37:00",NA,"2023-05-06 08:37:00","54 17.90",54.2983333333333,"166 22.04",-166.367333333333,"85","1"
"E1814.DY23-06",1,1,FALSE,"DY23-06","2023_AprMay_Dyson","5/6/2023",NA,"16:37",NA,NA,"CTD085",2,"Niskin; Sterivex 0.22µm filter","95% EtOH","Beiring Sea","UT3",507.1,"54°17.90'","166°22.04'",1000,"Shannon Brown","","5/6/2023 16:37",NA,"2023/05/06 16:37:00",NA,"2023-05-06 08:37:00","54 17.90",54.2983333333333,"166 22.04",-166.367333333333,"85","2"
"E1815.DY23-06",1,1,FALSE,"DY23-06","2023_AprMay_Dyson","5/6/2023",NA,"16:37",NA,NA,"CTD085",9,"Niskin; Sterivex 0.22µm filter","95% EtOH","Beiring Sea","UT3",10.8,"54°17.90'","166°22.04'",1000,"Shannon Brown","","5/6/2023 16:37",NA,"2023/05/06 16:37:00",NA,"2023-05-06 08:37:00","54 17.90",54.2983333333333,"166 22.04",-166.367333333333,"85","9"
"E1816.DY23-06",1,1,FALSE,"DY23-06","2023_AprMay_Dyson","5/6/2023",NA,"20:01",NA,NA,"CTD087",1,"Niskin; Sterivex 0.22µm filter","95% EtOH","Beiring Sea","UT1",119.8,"54°10.09'","166°14.05'",1000,"Shannon Brown","","5/6/2023 20:01",NA,"2023/05/06 20:01:00",NA,"2023-05-06 12:01:00","54 10.09",54.1681666666667,"166 14.05",-166.234166666667,"87","1"
"E1817.DY23-06",1,1,FALSE,"DY23-06","2023_AprMay_Dyson","5/6/2023",NA,"20:01",NA,NA,"CTD087",4,"Niskin; Sterivex 0.22µm filter","95% EtOH","Beiring Sea","UT1",51.1,"54°10.09'","166°14.05'",1000,"Shannon Brown","","5/6/2023 20:01",NA,"2023/05/06 20:01:00",NA,"2023-05-06 12:01:00","54 10.09",54.1681666666667,"166 14.05",-166.234166666667,"87","4"
"E1818.DY23-06",1,1,FALSE,"DY23-06","2023_AprMay_Dyson","5/6/2023",NA,"20:01",NA,NA,"CTD087",8,"Niskin; Sterivex 0.22µm filter","95% EtOH","Beiring Sea","UT1",10.8,"54°10.09'","166°14.05'",1000,"Shannon Brown","","5/6/2023 20:01",NA,"2023/05/06 20:01:00",NA,"2023-05-06 12:01:00","54 10.09",54.1681666666667,"166 14.05",-166.234166666667,"87","8"
"E1819.NC.DY23-06",NA,NA,TRUE,"DY23-06","2023_AprMay_Dyson","",NA,"",NA,NA,NA,NA,"Sterivex 0.22µm filter","95% EtOH",NA,NA,NA,NA,NA,1000,"Shannon Brown",""," ",NA,NA,NA,NA,NA,NA,NA,NA,NA,NA
