Sample_Name,Biological_Replicate,Technical_Replicate,Negative_control,Cruise_ID_short,Cruise_ID_long,Collection_Date_UTC,Collection_Date_local,Collection_Time_UTC,Field_Sample_Name,Cast_No.,Rosette_position,Field_collection_method,Preservation,Area.within.region,Station,Depth_m,Lat,Lon,Sample_volume_ml,Personnel_responsible_for_Collecting_Sample,Field_Notes,Combined_date,Date_UTC,Date_local,Lat_fix,Lat_dec,Lon_fix,Lon_dec,cast,nb,date,time,Sbeox0ML.L,Sbeox0PS,Sbox0Mm.Kg,Sbeox1ML.L,Sbeox1PS,Sbox1Mm.Kg,Sal00,Sal11,Sigma.t00,Sigma.t11,FlECO.AFL,T090C,T190C,TurbWETntu0,PrDM
E24.NC.DY2012,1,1,TRUE,DY2012,DY20-12 Dyson 2020,9/5/20,NA,,Control-1,NA,NA,0.22µm swinex filter,95% EtOH,NA,NA,NA,NA,NA,1000,"Sarah Donohoe, Penelope Adams",Filter stored in 50cc tube,9/5/20,NA,NA,NA,NA,NA,NA,NA,NA,NA,NA,NA,NA,NA,NA,NA,NA,NA,NA,NA,NA,NA,NA,NA,NA,NA
E25.2B.DY2012,2,1,FALSE,DY2012,DY20-12 Dyson 2020,9/5/20,NA,2:50,M5 0mR2 2,10,10,Niskin; 0.22 µm swinex filter,95% EtOH,Bering Sea,M5,0,59˚ 54.292' N,171˚ 41.905' W,1000,"Sarah Donohoe, Penelope Adams",Filter stored in 50cc tube,9/5/20 2:50,9/5/20 2:50,9/5/20 10:50,59 54.292,59.90486667,171 41.905,-171.6984167,ctd010,10,5-Sep-20,2:55:21,6.2191,98.163,271.167,6.0939,96.187,265.71,31.7253,31.6793,24.2589,24.2234,0.2642,10.814,10.8126,0.2014,1.973
E26.1B.NC.DY2012,1,1,TRUE,DY2012,DY20-12 Dyson 2020,9/5/20,NA,2:50,M5 65mR1 3,10,2,Niskin; 0.22 µm swinex filter,95% EtOH,Bering Sea,M5,65,59˚ 54.292' N,171˚ 41.905' W,1000,"Sarah Donohoe, Penelope Adams",Filter stored in 50cc tube,9/5/20 2:50,9/5/20 2:50,9/5/20 10:50,59 54.292,59.90486667,171 41.905,-171.6984167,ctd010,2,5-Sep-20,2:50:42,7.6529,93.259,333.256,7.4137,90.344,322.841,31.8522,31.789,25.5691,25.518,1.2929,-0.08,-0.079,1.1491,65.235
E26.2B.DY2012,2,1,FALSE,DY2012,DY20-12 Dyson 2020,9/5/20,NA,2:50,M5 65mR2 4,10,2,Niskin; 0.22 µm swinex filter,95% EtOH,Bering Sea,M5,65,59˚ 54.292' N,171˚ 41.905' W,1000,"Sarah Donohoe, Penelope Adams",Filter stored in 50cc tube,9/5/20 2:50,9/5/20 2:50,9/5/20 10:50,59 54.292,59.90486667,171 41.905,-171.6984167,ctd010,2,5-Sep-20,2:50:42,7.6529,93.259,333.256,7.4137,90.344,322.841,31.8522,31.789,25.5691,25.518,1.2929,-0.08,-0.079,1.1491,65.235
E27.1B.DY2012,1,1,FALSE,DY2012,DY20-12 Dyson 2020,9/7/20,NA,23:59,DBO1-5 0mR1 5,16,10,Niskin; 0.22 µm swinex filter,95% EtOH,Bering Sea,DBO1-5,0,62˚ 27.996' N,174˚ 05.070' W,1000,"Sarah Donohoe, Penelope Adams","The eDNA record sheet for station M8 box 2 is not consistent with the CTD log sheet, which doesnt show an eDNA sample taken at M8 box 2. Based on the date (09/07/20) and the bottom depth (58m), and cross-referencing the CTD log I believe samples 5-8 were actually from DBO 1-5, and that I wrote M8 box 2 in error. Filter stored in 50cc tube.",9/7/20 23:59,9/7/20 23:59,9/8/20 7:59,62 27.996,62.4666,174 05.070,-174.0845,ctd016,10,8-Sep-20,1:04:29,6.5017,99.981,283.362,6.3774,98.069,277.945,32.0423,32.0449,24.7207,24.7229,0.4405,9.5229,9.5224,0.2274,3.15
E27.2B.DY2012,2,1,FALSE,DY2012,DY20-12 Dyson 2020,9/7/20,NA,23:59,DBO1-5 0mR2 6,16,10,Niskin; 0.22 µm swinex filter,95% EtOH,Bering Sea,DBO1-5,0,62˚ 27.996' N,174˚ 05.070' W,1000,"Sarah Donohoe, Penelope Adams","The eDNA record sheet for station M8 box 2 is not consistent with the CTD log sheet, which doesnt show an eDNA sample taken at M8 box 2. Based on the date (09/07/20) and the bottom depth (58m), and cross-referencing the CTD log I believe samples 5-8 were actually from DBO 1-5, and that I wrote M8 box 2 in error. Filter stored in 50cc tube.",9/7/20 23:59,9/7/20 23:59,9/8/20 7:59,62 27.996,62.4666,174 05.070,-174.0845,ctd016,10,8-Sep-20,1:04:29,6.5017,99.981,283.362,6.3774,98.069,277.945,32.0423,32.0449,24.7207,24.7229,0.4405,9.5229,9.5224,0.2274,3.15
E28.1B.DY2012,1,1,FALSE,DY2012,DY20-12 Dyson 2020,9/7/20,NA,23:59,DBO1-5 58mR1 7,16,1,Niskin; 0.22 µm swinex filter,95% EtOH,Bering Sea,DBO1-5,58,62˚ 27.996' N,174˚ 05.070' W,1000,"Sarah Donohoe, Penelope Adams","The eDNA record sheet for station M8 box 2 is not consistent with the CTD log sheet, which doesnt show an eDNA sample taken at M8 box 2. Based on the date (09/07/20) and the bottom depth (58m), and cross-referencing the CTD log I believe samples 5-8 were actually from DBO 1-5, and that I wrote M8 box 2 in error. Filter stored in 50cc tube.",9/7/20 23:59,9/7/20 23:59,9/8/20 7:59,62 27.996,62.4666,174 05.070,-174.0845,ctd016,1,8-Sep-20,0:59:52,6.9937,83.496,304.424,6.7893,81.057,295.529,32.3368,32.3393,25.9945,25.9965,0.2239,-0.9815,-0.9805,1.2745,57.289
E28.2B.DY2012,2,1,FALSE,DY2012,DY20-12 Dyson 2020,9/7/20,NA,23:59,DBO1-5 58mR2 8,16,1,Niskin; 0.22 µm swinex filter,95% EtOH,Bering Sea,DBO1-5,58,62˚ 27.996' N,174˚ 05.070' W,1000,"Sarah Donohoe, Penelope Adams","The eDNA record sheet for station M8 box 2 is not consistent with the CTD log sheet, which doesnt show an eDNA sample taken at M8 box 2. Based on the date (09/07/20) and the bottom depth (58m), and cross-referencing the CTD log I believe samples 5-8 were actually from DBO 1-5, and that I wrote M8 box 2 in error. Filter stored in 50cc tube.",9/7/20 23:59,9/7/20 23:59,9/8/20 7:59,62 27.996,62.4666,174 05.070,-174.0845,ctd016,1,8-Sep-20,0:59:52,6.9937,83.496,304.424,6.7893,81.057,295.529,32.3368,32.3393,25.9945,25.9965,0.2239,-0.9815,-0.9805,1.2745,57.289
E29.1B.DY2012,1,1,FALSE,DY2012,DY20-12 Dyson 2020,9/8/20,NA,7:11,DBO1-1 0mR1 9,19,10,Niskin; 0.22 µm swinex filter,95% EtOH,Bering Sea,DBO1-1,0,62˚ 00.64' N,175˚ 04.18' W,1000,"Sarah Donohoe, Penelope Adams",Filter stored in 50cc tube,9/8/20 7:11,9/8/20 7:11,9/8/20 15:11,62 00.64,62.01066667,175 04.18,-175.0696667,ctd019,10,8-Sep-20,6:54:35,6.4757,99.939,282.239,6.3556,98.086,277.007,32.0174,32.0201,24.6738,24.6757,0.8915,9.6937,9.6952,0.241,3.724
E29.2B.DY2012,2,1,FALSE,DY2012,DY20-12 Dyson 2020,9/8/20,NA,7:11,DBO1-1 0mR2 10,19,10,Niskin; 0.22 µm swinex filter,95% EtOH,Bering Sea,DBO1-1,0,62˚ 00.64' N,175˚ 04.18' W,1000,"Sarah Donohoe, Penelope Adams",Filter stored in 50cc tube,9/8/20 7:11,9/8/20 7:11,9/8/20 15:11,62 00.64,62.01066667,175 04.18,-175.0696667,ctd019,10,8-Sep-20,6:54:35,6.4757,99.939,282.239,6.3556,98.086,277.007,32.0174,32.0201,24.6738,24.6757,0.8915,9.6937,9.6952,0.241,3.724
E30.1B.DY2012,1,1,FALSE,DY2012,DY20-12 Dyson 2020,9/8/20,NA,7:11,DBO1-1 70mR1 11,19,1,Niskin; 0.22 µm swinex filter,95% EtOH,Bering Sea,DBO1-1,70,62˚ 00.64' N,175˚ 04.18' W,1000,"Sarah Donohoe, Penelope Adams",Filter stored in 50cc tube,9/8/20 7:11,9/8/20 7:11,9/8/20 15:11,62 00.64,62.01066667,175 04.18,-175.0696667,ctd019,1,8-Sep-20,6:49:39,7.0388,84.281,306.377,6.8378,81.875,297.63,32.3829,32.3854,26.0287,26.0306,0.1571,-0.8841,-0.8816,2.2315,70.944
E30.2B.DY2012,2,1,FALSE,DY2012,DY20-12 Dyson 2020,9/8/20,NA,7:11,DBO1-1 70mR2 12,19,1,Niskin; 0.22 µm swinex filter,95% EtOH,Bering Sea,DBO1-1,70,62˚ 00.64' N,175˚ 04.18' W,1000,"Sarah Donohoe, Penelope Adams",Filter stored in 50cc tube,9/8/20 7:11,9/8/20 7:11,9/8/20 15:11,62 00.64,62.01066667,175 04.18,-175.0696667,ctd019,1,8-Sep-20,6:49:39,7.0388,84.281,306.377,6.8378,81.875,297.63,32.3829,32.3854,26.0287,26.0306,0.1571,-0.8841,-0.8816,2.2315,70.944
E31.1B.DY2012,1,1,FALSE,DY2012,DY20-12 Dyson 2020,9/8/20,NA,11:58,DBO1-3 0mR1 13,22,9,Niskin; 0.22 µm swinex filter,95% EtOH,Bering Sea,DBO1-3,0,62˚ 13.07' N,174˚ 52.69' W,1000,"Sarah Donohoe, Penelope Adams",Filter stored in 50cc tube,9/8/20 11:58,9/8/20 11:58,9/8/20 19:58,62 13.07,62.21783333,174 52.69,-174.8781667,ctd022,9,8-Sep-20,12:02:59,6.4134,99.374,279.527,6.2925,97.5,274.254,32.0553,32.0579,24.6756,24.6777,0.7742,9.8648,9.8648,0.2362,4.236
E31.2B.DY2012,2,1,FALSE,DY2012,DY20-12 Dyson 2020,9/8/20,NA,11:58,DBO1-3 0mR2 14,22,9,Niskin; 0.22 µm swinex filter,95% EtOH,Bering Sea,DBO1-3,0,62˚ 13.07' N,174˚ 52.69' W,1000,"Sarah Donohoe, Penelope Adams",Filter stored in 50cc tube,9/8/20 11:58,9/8/20 11:58,9/8/20 19:58,62 13.07,62.21783333,174 52.69,-174.8781667,ctd022,9,8-Sep-20,12:02:59,6.4134,99.374,279.527,6.2925,97.5,274.254,32.0553,32.0579,24.6756,24.6777,0.7742,9.8648,9.8648,0.2362,4.236
E32.1B.DY2012,1,1,FALSE,DY2012,DY20-12 Dyson 2020,9/8/20,NA,11:58,DBO1-3 66mR1 15,22,1,Niskin; 0.22 µm swinex filter,95% EtOH,Bering Sea,DBO1-3,66,62˚ 13.07' N,174˚ 52.69' W,1000,"Sarah Donohoe, Penelope Adams",Filter stored in 50cc tube,9/8/20 11:58,9/8/20 11:58,9/8/20 19:58,62 13.07,62.21783333,174 52.69,-174.8781667,ctd022,1,8-Sep-20,11:58:22,7.0588,84.343,307.25,6.8821,82.231,299.557,32.3779,32.3807,26.0272,26.0294,0.1873,-0.9617,-0.9609,2.3178,67.228
E32.2B.DY2012,2,1,FALSE,DY2012,DY20-12 Dyson 2020,9/8/20,NA,11:58,DBO1-3 66mR2 16,22,1,Niskin; 0.22 µm swinex filter,95% EtOH,Bering Sea,DBO1-3,66,62˚ 13.07' N,174˚ 52.69' W,1000,"Sarah Donohoe, Penelope Adams",Filter stored in 50cc tube,9/8/20 11:58,9/8/20 11:58,9/8/20 19:58,62 13.07,62.21783333,174 52.69,-174.8781667,ctd022,1,8-Sep-20,11:58:22,7.0588,84.343,307.25,6.8821,82.231,299.557,32.3779,32.3807,26.0272,26.0294,0.1873,-0.9617,-0.9609,2.3178,67.228
E33.1B.DY2012,1,1,FALSE,DY2012,DY20-12 Dyson 2020,9/8/20,NA,3:55,M8 0mR1 17,24,9,Niskin; 0.22 µm swinex filter,95% EtOH,Bering Sea,M8,0,62˚ 12.224' N,174˚ 41.949' W,1000,"Sarah Donohoe, Penelope Adams",Filter stored in 50cc tube,9/8/20 3:55,9/8/20 3:55,9/8/20 11:55,62 12.224,62.20373333,174 41.949,-174.69915,ctd024,9,8-Sep-20,15:58:51,6.4853,99.582,282.667,6.3546,97.575,276.972,31.9403,31.9483,24.6469,24.6531,0.996,9.486,9.4866,0.2686,2.144
E33.2B.DY2012,2,1,FALSE,DY2012,DY20-12 Dyson 2020,9/8/20,NA,3:55,M8 0mR2 18,24,9,Niskin; 0.22 µm swinex filter,95% EtOH,Bering Sea,M8,0,62˚ 12.224' N,174˚ 41.949' W,1000,"Sarah Donohoe, Penelope Adams",Filter stored in 50cc tube,9/8/20 3:55,9/8/20 3:55,9/8/20 11:55,62 12.224,62.20373333,174 41.949,-174.69915,ctd024,9,8-Sep-20,15:58:51,6.4853,99.582,282.667,6.3546,97.575,276.972,31.9403,31.9483,24.6469,24.6531,0.996,9.486,9.4866,0.2686,2.144
E34.1B.DY2012,1,1,FALSE,DY2012,DY20-12 Dyson 2020,9/8/20,NA,3:55,M8 68mR1 19,24,2,Niskin; 0.22 µm swinex filter,95% EtOH,Bering Sea,M8,68,62˚ 12.224' N,174˚ 41.949' W,1000,"Sarah Donohoe, Penelope Adams",Filter stored in 50cc tube,9/8/20 3:55,9/8/20 3:55,9/8/20 11:55,62 12.224,62.20373333,174 41.949,-174.69915,ctd024,2,8-Sep-20,15:54:20,6.9271,82.799,301.526,6.7353,80.506,293.176,32.3405,32.3428,25.9961,25.998,0.3299,-0.9386,-0.9379,5.1609,68.49
E34.2B.DY2012,2,1,FALSE,DY2012,DY20-12 Dyson 2020,9/8/20,NA,3:55,M8 68mR2 20,24,2,Niskin; 0.22 µm swinex filter,95% EtOH,Bering Sea,M8,68,62˚ 12.224' N,174˚ 41.949' W,1000,"Sarah Donohoe, Penelope Adams",Filter stored in 50cc tube,9/8/20 3:55,9/8/20 3:55,9/8/20 11:55,62 12.224,62.20373333,174 41.949,-174.69915,ctd024,2,8-Sep-20,15:54:20,6.9271,82.799,301.526,6.7353,80.506,293.176,32.3405,32.3428,25.9961,25.998,0.3299,-0.9386,-0.9379,5.1609,68.49
E35.1B.DY2012,1,1,FALSE,DY2012,DY20-12 Dyson 2020,9/9/20,NA,12:48,DBO1-7 0mR1 21,26,9,Niskin; 0.22 µm swinex filter,95% EtOH,Bering Sea,DBO1-7,0,62˚ 47.381' N,173˚ 29.850' W,1000,"Sarah Donohoe, Penelope Adams",Filter stored in 50cc tube,9/9/20 12:48,9/9/20 12:48,9/9/20 20:48,62 47.381,62.78968333,173 29.850,-173.4975,ctd026,9,9-Sep-20,0:54:39,6.6914,100.671,291.577,6.5412,98.412,285.034,32.0793,32.0825,24.9035,24.9057,0.392,8.5278,8.5304,0.2348,3.116
E35.2B.DY2012,2,1,FALSE,DY2012,DY20-12 Dyson 2020,9/9/20,NA,12:48,DBO1-7 0mR2 22,26,9,Niskin; 0.22 µm swinex filter,95% EtOH,Bering Sea,DBO1-7,0,62˚ 47.381' N,173˚ 29.850' W,1000,"Sarah Donohoe, Penelope Adams",Filter stored in 50cc tube,9/9/20 12:48,9/9/20 12:48,9/9/20 20:48,62 47.381,62.78968333,173 29.850,-173.4975,ctd026,9,9-Sep-20,0:54:39,6.6914,100.671,291.577,6.5412,98.412,285.034,32.0793,32.0825,24.9035,24.9057,0.392,8.5278,8.5304,0.2348,3.116
E36.1B.DY2012,1,1,FALSE,DY2012,DY20-12 Dyson 2020,9/9/20,NA,12:48,DBO1-7 65mR1 23,26,1,Niskin; 0.22 µm swinex filter,95% EtOH,Bering Sea,DBO1-7,65,62˚ 47.381' N,173˚ 29.850' W,1000,"Sarah Donohoe, Penelope Adams",Filter stored in 50cc tube,9/9/20 12:48,9/9/20 12:48,9/9/20 20:48,62 47.381,62.78968333,173 29.850,-173.4975,ctd026,1,9-Sep-20,0:50:36,5.7279,67.69,249.303,5.5991,66.168,243.699,32.4373,32.4399,26.0878,26.0899,0.1696,-1.3883,-1.3899,1.4937,64.477
E36.2B.DY2012,2,1,FALSE,DY2012,DY20-12 Dyson 2020,9/9/20,NA,12:48,DBO1-7 65mR2 24,26,1,Niskin; 0.22 µm swinex filter,95% EtOH,Bering Sea,DBO1-7,65,62˚ 47.381' N,173˚ 29.850' W,1000,"Sarah Donohoe, Penelope Adams",Filter stored in 50cc tube,9/9/20 12:48,9/9/20 12:48,9/9/20 20:48,62 47.381,62.78968333,173 29.850,-173.4975,ctd026,1,9-Sep-20,0:50:36,5.7279,67.69,249.303,5.5991,66.168,243.699,32.4373,32.4399,26.0878,26.0899,0.1696,-1.3883,-1.3899,1.4937,64.477
E37.1B.DY2012,1,1,FALSE,DY2012,DY20-12 Dyson 2020,9/9/20,NA,4:48,DBO1-9 0mR1 25,28,10,Niskin; 0.22 µm swinex filter,95% EtOH,Bering Sea,DBO1-9,0,63˚ 16.504' N,173˚ 17.279' W,1000,"Sarah Donohoe, Penelope Adams",Filter stored in 50cc tube,9/9/20 4:48,9/9/20 4:48,9/9/20 12:48,63 16.504,63.27506667,173 17.279,-173.2879833,ctd028,10,9-Sep-20,4:54:00,6.8651,103.12,299.096,6.7363,101.186,293.485,32.2726,32.2756,25.0739,25.0761,2.1718,8.4011,8.4013,0.2727,3.346
E37.2B.DY2012,2,1,FALSE,DY2012,DY20-12 Dyson 2020,9/9/20,NA,4:48,DBO1-9 0mR2 26,28,10,Niskin; 0.22 µm swinex filter,95% EtOH,Bering Sea,DBO1-9,0,63˚ 16.504' N,173˚ 17.279' W,1000,"Sarah Donohoe, Penelope Adams",Filter stored in 50cc tube,9/9/20 4:48,9/9/20 4:48,9/9/20 12:48,63 16.504,63.27506667,173 17.279,-173.2879833,ctd028,10,9-Sep-20,4:54:00,6.8651,103.12,299.096,6.7363,101.186,293.485,32.2726,32.2756,25.0739,25.0761,2.1718,8.4011,8.4013,0.2727,3.346
E38.1B.DY2012,1,1,FALSE,DY2012,DY20-12 Dyson 2020,9/9/20,NA,4:48,DBO1-9 65mR1 27,28,2,Niskin; 0.22 µm swinex filter,95% EtOH,Bering Sea,DBO1-9,65,63˚ 16.504' N,173˚ 17.279' W,1000,"Sarah Donohoe, Penelope Adams",Filter stored in 50cc tube,9/9/20 4:48,9/9/20 4:48,9/9/20 12:48,63 16.504,63.27506667,173 17.279,-173.2879833,ctd028,2,9-Sep-20,4:48:50,6.1812,78.013,268.978,6.0445,76.288,263.028,32.8381,32.8407,26.307,26.309,0.1425,1.0033,1.0047,1.2112,66.229
E38.2B.DY2012,2,1,FALSE,DY2012,DY20-12 Dyson 2020,9/9/20,NA,4:48,DBO1-9 65mR2 28,28,2,Niskin; 0.22 µm swinex filter,95% EtOH,Bering Sea,DBO1-9,65,63˚ 16.504' N,173˚ 17.279' W,1000,"Sarah Donohoe, Penelope Adams",Filter stored in 50cc tube,9/9/20 4:48,9/9/20 4:48,9/9/20 12:48,63 16.504,63.27506667,173 17.279,-173.2879833,ctd028,2,9-Sep-20,4:48:50,6.1812,78.013,268.978,6.0445,76.288,263.028,32.8381,32.8407,26.307,26.309,0.1425,1.0033,1.0047,1.2112,66.229
E39.1B.DY2012,1,1,FALSE,DY2012,DY20-12 Dyson 2020,9/9/20,NA,17:40,DBO2-1 42mR1 29,30,2,Niskin; 0.22 µm swinex filter,95% EtOH,Bering Sea,DBO2-1,42,64˚ 40.465' N,169˚ 55.270' W,1000,"Sarah Donohoe, Penelope Adams",Filter stored in 50cc tube,9/9/20 17:40,9/9/20 17:40,9/10/20 1:40,64 40.465,64.67441667,169 55.270,-169.9211667,ctd030,2,9-Sep-20,17:01:33,6.7463,87.651,293.588,6.6128,85.917,287.778,32.838,32.8409,26.229,26.2313,1.2393,2.1435,2.1438,0.9753,42.986
E39.2B.DY2012,2,1,FALSE,DY2012,DY20-12 Dyson 2020,9/9/20,NA,17:40,DBO2-1 42mR2 30,30,2,Niskin; 0.22 µm swinex filter,95% EtOH,Bering Sea,DBO2-1,42,64˚ 40.465' N,169˚ 55.270' W,1000,"Sarah Donohoe, Penelope Adams",Filter stored in 50cc tube,9/9/20 17:40,9/9/20 17:40,9/10/20 1:40,64 40.465,64.67441667,169 55.270,-169.9211667,ctd030,2,9-Sep-20,17:01:33,6.7463,87.651,293.588,6.6128,85.917,287.778,32.838,32.8409,26.229,26.2313,1.2393,2.1435,2.1438,0.9753,42.986
E40.1B.DY2012,1,1,FALSE,DY2012,DY20-12 Dyson 2020,9/9/20,NA,17:40,DBO2-1 0mR1 31,30,8,Niskin; 0.22 µm swinex filter,95% EtOH,Bering Sea,DBO2-1,0,64˚ 40.465' N,169˚ 55.270' W,1000,"Sarah Donohoe, Penelope Adams",Filter stored in 50cc tube,9/9/20 17:40,9/9/20 17:40,9/10/20 1:40,64 40.465,64.67441667,169 55.270,-169.9211667,ctd030,8,9-Sep-20,17:04:33,6.8191,88.63,296.762,6.6574,86.528,289.724,32.822,32.8249,26.2148,26.2171,1.5789,2.1622,2.1623,0.6134,2.27
E40.2B.DY2012,2,1,FALSE,DY2012,DY20-12 Dyson 2020,9/9/20,NA,17:40,DBO2-1 0mR2 32,30,8,Niskin; 0.22 µm swinex filter,95% EtOH,Bering Sea,DBO2-1,0,64˚ 40.465' N,169˚ 55.270' W,1000,"Sarah Donohoe, Penelope Adams",Filter stored in 50cc tube,9/9/20 17:40,9/9/20 17:40,9/10/20 1:40,64 40.465,64.67441667,169 55.270,-169.9211667,ctd030,8,9-Sep-20,17:04:33,6.8191,88.63,296.762,6.6574,86.528,289.724,32.822,32.8249,26.2148,26.2171,1.5789,2.1622,2.1623,0.6134,2.27
E41.NC.DY2012,1,1,TRUE,DY2012,DY20-12 Dyson 2020,9/9/20,NA,,Control-2,NA,NA,0.22µm swinex filter,95% EtOH,NA,NA,NA,NA,NA,1000,"Sarah Donohoe, Penelope Adams",Filter stored in 50cc tube,9/9/20,NA,NA,NA,NA,NA,NA,NA,NA,NA,NA,NA,NA,NA,NA,NA,NA,NA,NA,NA,NA,NA,NA,NA,NA,NA
E42.1B.DY2012,1,1,FALSE,DY2012,DY20-12 Dyson 2020,9/9/20,NA,22:31,DBO2-3 0mR1 33,32,8,Niskin; 0.22 µm swinex filter,95% EtOH,Bering Sea,DBO2-3,0,64˚ 40.11' N,168˚ 14.14' W,1000,"Sarah Donohoe, Penelope Adams",Filter stored in 50cc tube,9/9/20 22:31,9/9/20 22:31,9/10/20 6:31,64 40.11,64.6685,168 14.14,-168.2356667,ctd032,8,9-Sep-20,22:35:34,6.7035,97.64,292.05,6.5821,95.871,286.761,32.0678,32.0712,25.0956,25.0984,1.1891,7.1054,7.1053,0.3452,2.275
E42.2B.DY2012,2,1,FALSE,DY2012,DY20-12 Dyson 2020,9/9/20,NA,22:31,DBO2-3 0mR2 34,32,8,Niskin; 0.22 µm swinex filter,95% EtOH,Bering Sea,DBO2-3,0,64˚ 40.11' N,168˚ 14.14' W,1000,"Sarah Donohoe, Penelope Adams",Filter stored in 50cc tube,9/9/20 22:31,9/9/20 22:31,9/10/20 6:31,64 40.11,64.6685,168 14.14,-168.2356667,ctd032,8,9-Sep-20,22:35:34,6.7035,97.64,292.05,6.5821,95.871,286.761,32.0678,32.0712,25.0956,25.0984,1.1891,7.1054,7.1053,0.3452,2.275
E43.1B.DY2012,1,1,FALSE,DY2012,DY20-12 Dyson 2020,9/9/20,NA,22:31,DBO2-3 34mR1 35,32,2,Niskin; 0.22 µm swinex filter,95% EtOH,Bering Sea,DBO2-3,34,64˚ 40.11' N,168˚ 14.14' W,1000,"Sarah Donohoe, Penelope Adams",Filter stored in 50cc tube,9/9/20 22:31,9/9/20 22:31,9/10/20 6:31,64 40.11,64.6685,168 14.14,-168.2356667,ctd032,2,9-Sep-20,22:31:56,6.2446,83.228,271.816,6.1016,81.321,265.59,32.6655,32.6686,26.0031,26.0055,0.517,3.2131,3.2137,1.2493,34.61
E43.2B.DY2012,2,1,FALSE,DY2012,DY20-12 Dyson 2020,9/9/20,NA,22:31,DBO2-3 34mR2 36,32,2,Niskin; 0.22 µm swinex filter,95% EtOH,Bering Sea,DBO2-3,34,64˚ 40.11' N,168˚ 14.14' W,1000,"Sarah Donohoe, Penelope Adams",Filter stored in 50cc tube,9/9/20 22:31,9/9/20 22:31,9/10/20 6:31,64 40.11,64.6685,168 14.14,-168.2356667,ctd032,2,9-Sep-20,22:31:56,6.2446,83.228,271.816,6.1016,81.321,265.59,32.6655,32.6686,26.0031,26.0055,0.517,3.2131,3.2137,1.2493,34.61
E44.DY2012,1,1,FALSE,DY2012,DY20-12 Dyson 2020,9/10/20,NA,3:02,DBO2-5 0mR1 37,34,8,Niskin; 0.22 µm swinex filter,95% EtOH,Bering Sea,DBO2-5,0,64˚ 59.30' N,169˚ 08.33' W,1000,"Sarah Donohoe, Penelope Adams",DBO2-5 0mR2 lost because water was filtered without an inserted filter. Filter stored in 50cc tube,9/10/20 3:02,9/10/20 3:02,9/10/20 11:02,64 59.30,64.98833333,169 08.33,-169.1388333,ctd034,8,10-Sep-20,3:06:05,7.2714,103.268,316.677,7.0877,100.66,308.68,32.3418,32.3448,25.4598,25.4622,4.6363,5.9407,5.9408,0.563,2.152
E45.1B.DY2012,1,1,FALSE,DY2012,DY20-12 Dyson 2020,9/10/20,NA,3:02,DBO2-5 43mR1 39,34,2,Niskin; 0.22 µm swinex filter,95% EtOH,Bering Sea,DBO2-5,43,64˚ 59.30' N,169˚ 08.33' W,1000,"Sarah Donohoe, Penelope Adams",Filter stored in 50cc tube,9/10/20 3:02,9/10/20 3:02,9/10/20 11:02,64 59.30,64.98833333,169 08.33,-169.1388333,ctd034,2,10-Sep-20,3:03:11,5.5918,73.775,243.322,5.488,72.406,238.805,33.0245,33.0272,26.3334,26.3355,0.3813,2.7053,2.7055,1.1949,44.307
E45.2B.DY2012,2,1,FALSE,DY2012,DY20-12 Dyson 2020,9/10/20,NA,3:02,DBO2-5 43mR2 40,34,2,Niskin; 0.22 µm swinex filter,95% EtOH,Bering Sea,DBO2-5,43,64˚ 59.30' N,169˚ 08.33' W,1000,"Sarah Donohoe, Penelope Adams",Filter stored in 50cc tube,9/10/20 3:02,9/10/20 3:02,9/10/20 11:02,64 59.30,64.98833333,169 08.33,-169.1388333,ctd034,2,10-Sep-20,3:03:11,5.5918,73.775,243.322,5.488,72.406,238.805,33.0245,33.0272,26.3334,26.3355,0.3813,2.7053,2.7055,1.1949,44.307
E46.1B.DY2012,1,1,FALSE,DY2012,DY20-12 Dyson 2020,9/10/20,NA,5:32,DBO2-4 0mR1 41,35,7,Niskin; 0.22 µm swinex filter,95% EtOH,Bering Sea,DBO2-4,0,64˚ 57.567' N,169˚ 52.749' W,1000,"Sarah Donohoe, Penelope Adams",Filter stored in 50cc tube,9/10/20 5:32,9/10/20 5:32,9/10/20 13:32,64 57.567,64.95945,169 52.749,-169.87915,ctd035,7,10-Sep-20,5:36:33,7.4002,103.925,322.242,7.1977,101.082,313.426,32.443600000000004,32.4473,25.5997,25.6026,8.837,5.4368,5.4372,0.6191,2.995
E46.2B.DY2012,2,1,FALSE,DY2012,DY20-12 Dyson 2020,9/10/20,NA,5:32,DBO2-4 0mR2 42,35,7,Niskin; 0.22 µm swinex filter,95% EtOH,Bering Sea,DBO2-4,0,64˚ 57.567' N,169˚ 52.749' W,1000,"Sarah Donohoe, Penelope Adams",Filter stored in 50cc tube,9/10/20 5:32,9/10/20 5:32,9/10/20 13:32,64 57.567,64.95945,169 52.749,-169.87915,ctd035,7,10-Sep-20,5:36:33,7.4002,103.925,322.242,7.1977,101.082,313.426,32.443600000000004,32.4473,25.5997,25.6026,8.837,5.4368,5.4372,0.6191,2.995
E47.1B.DY2012,1,1,FALSE,DY2012,DY20-12 Dyson 2020,9/10/20,NA,5:32,DBO2-4 45mR1 43,35,2,Niskin; 0.22 µm swinex filter,95% EtOH,Bering Sea,DBO2-4,45,64˚ 57.567' N,169˚ 52.749' W,1000,"Sarah Donohoe, Penelope Adams",Filter stored in 50cc tube,9/10/20 5:32,9/10/20 5:32,9/10/20 13:32,64 57.567,64.95945,169 52.749,-169.87915,ctd035,2,10-Sep-20,5:32:50,6.0782,78.865,264.485,5.9248,76.874,257.808,32.9701,32.9729,26.3415,26.3437,0.447,2.0539,2.0547,0.8812,45.154
E47.2B.DY2012,2,1,FALSE,DY2012,DY20-12 Dyson 2020,9/10/20,NA,5:32,DBO2-4 45mR2 44,35,2,Niskin; 0.22 µm swinex filter,95% EtOH,Bering Sea,DBO2-4,45,64˚ 57.567' N,169˚ 52.749' W,1000,"Sarah Donohoe, Penelope Adams",Filter stored in 50cc tube,9/10/20 5:32,9/10/20 5:32,9/10/20 13:32,64 57.567,64.95945,169 52.749,-169.87915,ctd035,2,10-Sep-20,5:32:50,6.0782,78.865,264.485,5.9248,76.874,257.808,32.9701,32.9729,26.3415,26.3437,0.447,2.0539,2.0547,0.8812,45.154
E48.1B.DY2012,1,1,FALSE,DY2012,DY20-12 Dyson 2020,9/10/20,NA,21:54,DBO3-8 0mR1 45,36,7,Niskin; 0.22 µm swinex filter,95% EtOH,Chukchi Sea,DBO3-8,0,67˚ 40.374' N,168˚ 56.526' W,1000,"Sarah Donohoe, Penelope Adams",Filter stored in 50cc tube,9/10/20 21:54,9/10/20 21:54,9/11/20 5:54,67 40.374,67.6729,168 56.526,-168.9421,ctd036,7,10-Sep-20,21:57:49,7.0785,101.342,308.515,6.922,99.102,301.695,31.4385,31.4421,24.6732,24.6762,2.6004,6.541,6.54,0.3774,2.868
E48.2B.DY2012,2,1,FALSE,DY2012,DY20-12 Dyson 2020,9/10/20,NA,21:54,DBO3-8 0mR2 46,36,7,Niskin; 0.22 µm swinex filter,95% EtOH,Chukchi Sea,DBO3-8,0,67˚ 40.374' N,168˚ 56.526' W,1000,"Sarah Donohoe, Penelope Adams",Filter stored in 50cc tube,9/10/20 21:54,9/10/20 21:54,9/11/20 5:54,67 40.374,67.6729,168 56.526,-168.9421,ctd036,7,10-Sep-20,21:57:49,7.0785,101.342,308.515,6.922,99.102,301.695,31.4385,31.4421,24.6732,24.6762,2.6004,6.541,6.54,0.3774,2.868
E49.1B.DY2012,1,1,FALSE,DY2012,DY20-12 Dyson 2020,9/10/20,NA,21:54,DBO3-8 45mR1 47,36,1,Niskin; 0.22 µm swinex filter,95% EtOH,Chukchi Sea,DBO3-8,45,67˚ 40.374' N,168˚ 56.526' W,1000,"Sarah Donohoe, Penelope Adams",Filter stored in 50cc tube,9/10/20 21:54,9/10/20 21:54,9/11/20 5:54,67 40.374,67.6729,168 56.526,-168.9421,ctd036,1,10-Sep-20,21:54:23,5.6118,73.734,244.197,5.4596,71.734,237.574,32.9884,32.9907,26.3174,26.3192,0.2218,2.5493,2.5498,2.2256,45.874
E49.2B.DY2012,2,1,FALSE,DY2012,DY20-12 Dyson 2020,9/10/20,NA,21:54,DBO3-8 45mR2 48,36,1,Niskin; 0.22 µm swinex filter,95% EtOH,Chukchi Sea,DBO3-8,45,67˚ 40.374' N,168˚ 56.526' W,1000,"Sarah Donohoe, Penelope Adams",Filter stored in 50cc tube,9/10/20 21:54,9/10/20 21:54,9/11/20 5:54,67 40.374,67.6729,168 56.526,-168.9421,ctd036,1,10-Sep-20,21:54:23,5.6118,73.734,244.197,5.4596,71.734,237.574,32.9884,32.9907,26.3174,26.3192,0.2218,2.5493,2.5498,2.2256,45.874
E50.1B.DY2012,1,1,FALSE,DY2012,DY20-12 Dyson 2020,9/11/20,NA,6:14,DBO3-6 0mR1 49,39,7,Niskin; 0.22 µm swinex filter,95% EtOH,Chukchi Sea,DBO3-6,0,67˚ 53.86' N,168˚ 13.89' W,1000,"Sarah Donohoe, Penelope Adams",Filter stored in Whirlpak,9/11/20 6:14,9/11/20 6:14,9/11/20 14:14,67 53.86,67.89766667,168 13.89,-168.2315,ctd039,7,11-Sep-20,6:18:49,6.5295,87.572,284.134,6.4225,86.136,279.477,33.0601,33.0637,26.3046,26.3074,0.2634,3.3582,3.3587,0.4706,2.976
E50.2B.DY2012,2,1,FALSE,DY2012,DY20-12 Dyson 2020,9/11/20,NA,6:14,DBO3-6 0mR2 50,39,7,Niskin; 0.22 µm swinex filter,95% EtOH,Chukchi Sea,DBO3-6,0,67˚ 53.86' N,168˚ 13.89' W,1000,"Sarah Donohoe, Penelope Adams",Filter stored in Whirlpak,9/11/20 6:14,9/11/20 6:14,9/11/20 14:14,67 53.86,67.89766667,168 13.89,-168.2315,ctd039,7,11-Sep-20,6:18:49,6.5295,87.572,284.134,6.4225,86.136,279.477,33.0601,33.0637,26.3046,26.3074,0.2634,3.3582,3.3587,0.4706,2.976
E51.1B.DY2012,1,1,FALSE,DY2012,DY20-12 Dyson 2020,9/11/20,NA,6:14,DBO3-6 54mR1 51,39,2,Niskin; 0.22 µm swinex filter,95% EtOH,Chukchi Sea,DBO3-6,54,67˚ 53.86' N,168˚ 13.89' W,1000,"Sarah Donohoe, Penelope Adams",Filter stored in Whirlpak,9/11/20 6:14,9/11/20 6:14,9/11/20 14:14,67 53.86,67.89766667,168 13.89,-168.2315,ctd039,2,11-Sep-20,6:15:11,6.0334,79.898,262.531,5.9312,78.544,258.083,33.0734,33.0773,26.361,26.3642,0.2411,2.8412,2.8402,1.9705,55.133
E51.2B.DY2012,2,1,FALSE,DY2012,DY20-12 Dyson 2020,9/11/20,NA,6:14,DBO3-6 54mR2 52,39,2,Niskin; 0.22 µm swinex filter,95% EtOH,Chukchi Sea,DBO3-6,54,67˚ 53.86' N,168˚ 13.89' W,1000,"Sarah Donohoe, Penelope Adams",Filter stored in Whirlpak,9/11/20 6:14,9/11/20 6:14,9/11/20 14:14,67 53.86,67.89766667,168 13.89,-168.2315,ctd039,2,11-Sep-20,6:15:11,6.0334,79.898,262.531,5.9312,78.544,258.083,33.0734,33.0773,26.361,26.3642,0.2411,2.8412,2.8402,1.9705,55.133
E52.1B.DY2012,1,1,FALSE,DY2012,DY20-12 Dyson 2020,9/11/20,NA,11:04,DBO3-3 0mR1 53,42,7,Niskin; 0.22 µm swinex filter,95% EtOH,Chukchi Sea,DBO3-3,0,68˚ 11.22' N,167˚ 17.39' W,1000,"Sarah Donohoe, Penelope Adams",Filter stored in Whirlpak,9/11/20 11:04,9/11/20 11:04,9/11/20 19:04,68 11.22,68.187,167 17.39,-167.2898333,ctd042,7,11-Sep-20,11:07:49,6.5666,97.035,286.787,6.462,95.49,282.218,29.1358,29.1395,22.5915,22.5944,1.6466,8.5784,8.5788,0.4396,3.385
E52.2B.DY2012,2,1,FALSE,DY2012,DY20-12 Dyson 2020,9/11/20,NA,11:04,DBO3-3 0mR2 54,42,7,Niskin; 0.22 µm swinex filter,95% EtOH,Chukchi Sea,DBO3-3,0,68˚ 11.22' N,167˚ 17.39' W,1000,"Sarah Donohoe, Penelope Adams",Filter stored in Whirlpak,9/11/20 11:04,9/11/20 11:04,9/11/20 19:04,68 11.22,68.187,167 17.39,-167.2898333,ctd042,7,11-Sep-20,11:07:49,6.5666,97.035,286.787,6.462,95.49,282.218,29.1358,29.1395,22.5915,22.5944,1.6466,8.5784,8.5788,0.4396,3.385
E53.1B.DY2012,1,1,FALSE,DY2012,DY20-12 Dyson 2020,9/11/20,NA,11:04,DBO3-3 43mR1 55,42,2,Niskin; 0.22 µm swinex filter,95% EtOH,Chukchi Sea,DBO3-3,43,68˚ 11.22' N,167˚ 17.39' W,1000,"Sarah Donohoe, Penelope Adams",Filter stored in Whirlpak,9/11/20 11:04,9/11/20 11:04,9/11/20 19:04,68 11.22,68.187,167 17.39,-167.2898333,ctd042,2,11-Sep-20,11:04:18,6.0118,83.384,261.796,5.9139,82.027,257.534,32.3154,32.319,25.5527,25.5555,0.1922,4.9509,4.9513,2.2875,43.19
E53.2B.DY2012,2,1,FALSE,DY2012,DY20-12 Dyson 2020,9/11/20,NA,11:04,DBO3-3 43mR2 56,42,2,Niskin; 0.22 µm swinex filter,95% EtOH,Chukchi Sea,DBO3-3,43,68˚ 11.22' N,167˚ 17.39' W,1000,"Sarah Donohoe, Penelope Adams",Filter stored in Whirlpak,9/11/20 11:04,9/11/20 11:04,9/11/20 19:04,68 11.22,68.187,167 17.39,-167.2898333,ctd042,2,11-Sep-20,11:04:18,6.0118,83.384,261.796,5.9139,82.027,257.534,32.3154,32.319,25.5527,25.5555,0.1922,4.9509,4.9513,2.2875,43.19
E54.1B.DY2012,1,1,FALSE,DY2012,DY20-12 Dyson 2020,9/11/20,NA,13:00,DBO3-1 0mR1 57,43,7,Niskin; 0.22 µm swinex filter,95% EtOH,Chukchi Sea,DBO3-1,0,68˚ 18.18' N,166˚ 55.49' W,1000,"Sarah Donohoe, Penelope Adams",Filter stored in Whirlpak,9/11/20 13:00,9/11/20 13:00,9/11/20 21:00,68 18.18,68.303,166 55.49,-166.9248333,ctd043,7,11-Sep-20,13:04:13,6.4639,94.505,282.014,6.3563,92.932,277.319,30.3249,30.3231,23.6367,23.6353,1.7175,7.7677,7.7675,1.2142,2.553
E54.2B.DY2012,2,1,FALSE,DY2012,DY20-12 Dyson 2020,9/11/20,NA,13:00,DBO3-1 0mR2 58,43,7,Niskin; 0.22 µm swinex filter,95% EtOH,Chukchi Sea,DBO3-1,0,68˚ 18.18' N,166˚ 55.49' W,1000,"Sarah Donohoe, Penelope Adams",Filter stored in Whirlpak,9/11/20 13:00,9/11/20 13:00,9/11/20 21:00,68 18.18,68.303,166 55.49,-166.9248333,ctd043,7,11-Sep-20,13:04:13,6.4639,94.505,282.014,6.3563,92.932,277.319,30.3249,30.3231,23.6367,23.6353,1.7175,7.7677,7.7675,1.2142,2.553
E55.1B.DY2012,1,1,FALSE,DY2012,DY20-12 Dyson 2020,9/11/20,NA,13:00,DBO3-1 29mR1 59,43,1,Niskin; 0.22 µm swinex filter,95% EtOH,Chukchi Sea,DBO3-1,29,68˚ 18.18' N,166˚ 55.49' W,1000,"Sarah Donohoe, Penelope Adams",Filter stored in Whirlpak,9/11/20 13:00,9/11/20 13:00,9/11/20 21:00,68 18.18,68.303,166 55.49,-166.9248333,ctd043,1,11-Sep-20,13:01:10,6.0633,86.352,264.135,5.9455,84.675,259.004,32.0217,32.0252,25.1816,25.1854,0.3189,6.1507,6.1416,1.0771,29.51
E55.2B.DY2012,2,1,FALSE,DY2012,DY20-12 Dyson 2020,9/11/20,NA,13:00,DBO3-1 29mR2 60,43,1,Niskin; 0.22 µm swinex filter,95% EtOH,Chukchi Sea,DBO3-1,29,68˚ 18.18' N,166˚ 55.49' W,1000,"Sarah Donohoe, Penelope Adams",Filter stored in Whirlpak,9/11/20 13:00,9/11/20 13:00,9/11/20 21:00,68 18.18,68.303,166 55.49,-166.9248333,ctd043,1,11-Sep-20,13:01:10,6.0633,86.352,264.135,5.9455,84.675,259.004,32.0217,32.0252,25.1816,25.1854,0.3189,6.1507,6.1416,1.0771,29.51
E56.NC.DY2012,NA,1,TRUE,DY2012,DY20-12 Dyson 2020,9/13/20,NA,-,Control-3,NA,NA,0.22µm swinex filter,95% EtOH,,NA,NA,NA,NA,1000,"Sarah Donohoe, Penelope Adams",Filter stored in Whirlpak,9/13/20 -,NA,NA,NA,NA,NA,NA,NA,NA,NA,NA,NA,NA,NA,NA,NA,NA,NA,NA,NA,NA,NA,NA,NA,NA,NA
E57.1B.DY2012,1,1,FALSE,DY2012,DY20-12 Dyson 2020,9/13/20,NA,8:32,IC10 0mR1 61,50,7,Niskin; 0.22 µm swinex filter,95% EtOH,Arctic Ocean,IC10,0,71˚ 42.31' N,165˚ 35.05' W,1000,"Sarah Donohoe, Penelope Adams",Filter stored in Whirlpak,9/13/20 8:32,9/13/20 8:32,9/13/20 16:32,71 42.31,71.70516667,165 35.05,-165.5841667,ctd050,7,13-Sep-20,8:36:37,7.3174,98.983,319.134,7.1297,96.443,310.945,30.3086,30.3108,24.0115,24.0133,0.3846,4.4701,4.4702,0.1801,3.514
E57.2B.DY2012,2,1,FALSE,DY2012,DY20-12 Dyson 2020,9/13/20,NA,8:32,IC10 0mR2 62,50,7,Niskin; 0.22 µm swinex filter,95% EtOH,Arctic Ocean,IC10,0,71˚ 42.31' N,165˚ 35.05' W,1000,"Sarah Donohoe, Penelope Adams",Filter stored in Whirlpak,9/13/20 8:32,9/13/20 8:32,9/13/20 16:32,71 42.31,71.70516667,165 35.05,-165.5841667,ctd050,7,13-Sep-20,8:36:37,7.3174,98.983,319.134,7.1297,96.443,310.945,30.3086,30.3108,24.0115,24.0133,0.3846,4.4701,4.4702,0.1801,3.514
E58.1B.DY2012,1,1,FALSE,DY2012,DY20-12 Dyson 2020,9/13/20,NA,8:32,IC10 37mR1 63,50,2,Niskin; 0.22 µm swinex filter,95% EtOH,Arctic Ocean,IC10,37,71˚ 42.31' N,165˚ 35.05' W,1000,"Sarah Donohoe, Penelope Adams",Filter stored in Whirlpak,9/13/20 8:32,9/13/20 8:32,9/13/20 16:32,71 42.31,71.70516667,165 35.05,-165.5841667,ctd050,2,13-Sep-20,8:32:44,6.0315,71.496,262.433,5.8907,69.827,256.306,32.8484,32.8466,26.4213,26.4198,0.3813,-1.3831,-1.3811,2.2549,36.806
E58.2B.DY2012,2,1,FALSE,DY2012,DY20-12 Dyson 2020,9/13/20,NA,8:32,IC10 37mR2 64,50,2,Niskin; 0.22 µm swinex filter,95% EtOH,Arctic Ocean,IC10,37,71˚ 42.31' N,165˚ 35.05' W,1000,"Sarah Donohoe, Penelope Adams",Filter stored in Whirlpak,9/13/20 8:32,9/13/20 8:32,9/13/20 16:32,71 42.31,71.70516667,165 35.05,-165.5841667,ctd050,2,13-Sep-20,8:32:44,6.0315,71.496,262.433,5.8907,69.827,256.306,32.8484,32.8466,26.4213,26.4198,0.3813,-1.3831,-1.3811,2.2549,36.806
E59.1B.DY2012,1,1,FALSE,DY2012,DY20-12 Dyson 2020,9/13/20,NA,17:03,DBO4-5 0mR1 65,52,8,Niskin; 0.22 µm swinex filter,95% EtOH,Arctic Ocean,DBO4-5,0,71˚ 43.446' N,161˚ 46.356' W,1000,"Sarah Donohoe, Penelope Adams",Filter stored in Whirlpak,9/13/20 17:03,9/13/20 17:03,9/14/20 1:03,71 43.446,71.7241,161 46.356,-161.7726,ctd052,8,13-Sep-20,17:07:00,7.7843,99.594,340.03,7.6303,97.623,333.303,28.1155,28.1183,22.4071,22.409300000000002,0.4369,2.8165,2.8167,0.243,3.084
E59.2B.DY2012,2,1,FALSE,DY2012,DY20-12 Dyson 2020,9/13/20,NA,17:03,DBO4-5 0mR2 66,52,8,Niskin; 0.22 µm swinex filter,95% EtOH,Arctic Ocean,DBO4-5,0,71˚ 43.446' N,161˚ 46.356' W,1000,"Sarah Donohoe, Penelope Adams",Filter stored in Whirlpak,9/13/20 17:03,9/13/20 17:03,9/14/20 1:03,71 43.446,71.7241,161 46.356,-161.7726,ctd052,8,13-Sep-20,17:07:00,7.7843,99.594,340.03,7.6303,97.623,333.303,28.1155,28.1183,22.4071,22.409300000000002,0.4369,2.8165,2.8167,0.243,3.084
E60.1B.DY2012,1,1,FALSE,DY2012,DY20-12 Dyson 2020,9/13/20,NA,17:03,DBO4-5 35mR1 67,52,2,Niskin; 0.22 µm swinex filter,95% EtOH,Arctic Ocean,DBO4-5,35,71˚ 43.446' N,161˚ 46.356' W,1000,"Sarah Donohoe, Penelope Adams",Filter stored in Whirlpak,9/13/20 17:03,9/13/20 17:03,9/14/20 1:03,71 43.446,71.7241,161 46.356,-161.7726,ctd052,2,13-Sep-20,17:03:57,7.3467,86.941,319.618,7.2058,85.274,313.491,32.9946,32.9968,26.5427,26.5445,2.3909,-1.4836,-1.4829,2.7641,36.223
E60.2B.DY2012,2,1,FALSE,DY2012,DY20-12 Dyson 2020,9/13/20,NA,17:03,DBO4-5 35mR2 68,52,2,Niskin; 0.22 µm swinex filter,95% EtOH,Arctic Ocean,DBO4-5,35,71˚ 43.446' N,161˚ 46.356' W,1000,"Sarah Donohoe, Penelope Adams",Filter stored in Whirlpak,9/13/20 17:03,9/13/20 17:03,9/14/20 1:03,71 43.446,71.7241,161 46.356,-161.7726,ctd052,2,13-Sep-20,17:03:57,7.3467,86.941,319.618,7.2058,85.274,313.491,32.9946,32.9968,26.5427,26.5445,2.3909,-1.4836,-1.4829,2.7641,36.223
E61.1B.DY2012,1,1,FALSE,DY2012,DY20-12 Dyson 2020,9/13/20,NA,20:11,DBO4-3 0mR1 69,54,8,Niskin; 0.22 µm swinex filter,95% EtOH,Chukchi Sea,DBO4-3,0,71˚ 27.294' N,161˚ 02.238' W,1000,"Sarah Donohoe, Penelope Adams",Filter stored in Whirlpak,9/13/20 20:11,9/13/20 20:11,9/14/20 4:11,71 27.294,71.4549,161 02.238,-161.0373,ctd054,8,13-Sep-20,20:14:44,7.7435,99.657,338.264,7.5493,97.158,329.781,28.0647,28.0676,22.3486,22.351,0.1546,3.0655,3.0654,0.1845,2.733
E61.2B.DY2012,2,1,FALSE,DY2012,DY20-12 Dyson 2020,9/13/20,NA,20:11,DBO4-3 0mR2 70,54,8,Niskin; 0.22 µm swinex filter,95% EtOH,Chukchi Sea,DBO4-3,0,71˚ 27.294' N,161˚ 02.238' W,1000,"Sarah Donohoe, Penelope Adams",Filter stored in Whirlpak,9/13/20 20:11,9/13/20 20:11,9/14/20 4:11,71 27.294,71.4549,161 02.238,-161.0373,ctd054,8,13-Sep-20,20:14:44,7.7435,99.657,338.264,7.5493,97.158,329.781,28.0647,28.0676,22.3486,22.351,0.1546,3.0655,3.0654,0.1845,2.733
E62.1B.DY2012,1,1,FALSE,DY2012,DY20-12 Dyson 2020,9/13/20,NA,20:11,DBO4-3 38R1 71,54,2,Niskin; 0.22 µm swinex filter,95% EtOH,Chukchi Sea,DBO4-3,38,71˚ 27.294' N,161˚ 02.238' W,1000,"Sarah Donohoe, Penelope Adams",Filter stored in Whirlpak,9/13/20 20:11,9/13/20 20:11,9/14/20 4:11,71 27.294,71.4549,161 02.238,-161.0373,ctd054,2,13-Sep-20,20:11:18,5.8559,69.186,254.722,5.781,68.3,251.462,33.1965,33.1988,26.7097,26.7115,1.0752,-1.5976,-1.597,2.5004,38.428
E62.2B.DY2012,2,1,FALSE,DY2012,DY20-12 Dyson 2020,9/13/20,NA,20:11,DBO4-3 38R2 72,54,2,Niskin; 0.22 µm swinex filter,95% EtOH,Chukchi Sea,DBO4-3,38,71˚ 27.294' N,161˚ 02.238' W,1000,"Sarah Donohoe, Penelope Adams",Filter stored in Whirlpak,9/13/20 20:11,9/13/20 20:11,9/14/20 4:11,71 27.294,71.4549,161 02.238,-161.0373,ctd054,2,13-Sep-20,20:11:18,5.8559,69.186,254.722,5.781,68.3,251.462,33.1965,33.1988,26.7097,26.7115,1.0752,-1.5976,-1.597,2.5004,38.428
E63.1B.DY2012,1,1,FALSE,DY2012,DY20-12 Dyson 2020,9/13/20,NA,23:51,DBO4-1 0mR1 73,56,8,Niskin; 0.22 µm swinex filter,95% EtOH,Chukchi Sea,DBO4-1,0,71˚ 11.57' N,160˚ 16.52' W,1000,"Sarah Donohoe, Penelope Adams",Filter stored in Whirlpak,9/13/20 23:51,9/13/20 23:51,9/14/20 7:51,71 11.57,71.19283333,160 16.52,-160.2753333,ctd056,8,13-Sep-20,23:55:36,7.6196,99.04,332.759,7.3965,96.139,323.012,28.4585,28.4616,22.6401,22.6426,0.1456,3.3551,3.3555,0.1761,2.726
E63.2B.DY2012,2,1,FALSE,DY2012,DY20-12 Dyson 2020,9/13/20,NA,23:51,DBO4-1 0mR2 74,56,8,Niskin; 0.22 µm swinex filter,95% EtOH,Chukchi Sea,DBO4-1,0,71˚ 11.57' N,160˚ 16.52' W,1000,"Sarah Donohoe, Penelope Adams",Filter stored in Whirlpak,9/13/20 23:51,9/13/20 23:51,9/14/20 7:51,71 11.57,71.19283333,160 16.52,-160.2753333,ctd056,8,13-Sep-20,23:55:36,7.6196,99.04,332.759,7.3965,96.139,323.012,28.4585,28.4616,22.6401,22.6426,0.1456,3.3551,3.3555,0.1761,2.726
E64.1B.DY2012,1,1,FALSE,DY2012,DY20-12 Dyson 2020,9/13/20,NA,23:51,DBO4-1 48mR1 75,56,2,Niskin; 0.22 µm swinex filter,95% EtOH,Chukchi Sea,DBO4-1,48,71˚ 11.57' N,160˚ 16.52' W,1000,"Sarah Donohoe, Penelope Adams",Filter stored in Whirlpak,9/13/20 23:51,9/13/20 23:51,9/14/20 7:51,71 11.57,71.19283333,160 16.52,-160.2753333,ctd056,2,13-Sep-20,23:51:35,5.7907,68.417,251.884,5.6908,67.237,247.541,33.1927,33.195,26.7065,26.7084,0.6733,-1.5955,-1.5946,1.8419,48.986
E64.2B.DY2012,2,1,FALSE,DY2012,DY20-12 Dyson 2020,9/13/20,NA,23:51,DBO4-1 48mR2 76,56,2,Niskin; 0.22 µm swinex filter,95% EtOH,Chukchi Sea,DBO4-1,48,71˚ 11.57' N,160˚ 16.52' W,1000,"Sarah Donohoe, Penelope Adams",Filter stored in Whirlpak,9/13/20 23:51,9/13/20 23:51,9/14/20 7:51,71 11.57,71.19283333,160 16.52,-160.2753333,ctd056,2,13-Sep-20,23:51:35,5.7907,68.417,251.884,5.6908,67.237,247.541,33.1927,33.195,26.7065,26.7084,0.6733,-1.5955,-1.5946,1.8419,48.986
E65.1B.DY2012,1,1,FALSE,DY2012,DY20-12 Dyson 2020,9/14/20,NA,11:09,DBO5-1 setC 0mR1 77,58,7,Niskin; 0.22 µm swinex filter,95% EtOH,Chukchi Sea,DBO5-1,0,71˚ 15.144' N,157˚ 08.464' W,1000,"Sarah Donohoe, Penelope Adams",Filter stored in Whirlpak,9/14/20 11:09,9/14/20 11:09,9/14/20 19:09,71 15.144,71.2524,157 08.464,-157.1410667,ctd058,7,14-Sep-20,11:12:52,7.4109,99.311,323.046,7.2593,97.28,316.44,30.8961,30.8879,24.5302,24.5234,0.3872,3.9225,3.9259,0.4264,3.945
E65.2B.DY2012,2,1,FALSE,DY2012,DY20-12 Dyson 2020,9/14/20,NA,11:09,DBO5-1 setC 0mR2 78,58,7,Niskin; 0.22 µm swinex filter,95% EtOH,Chukchi Sea,DBO5-1,0,71˚ 15.144' N,157˚ 08.464' W,1000,"Sarah Donohoe, Penelope Adams",Filter stored in Whirlpak,9/14/20 11:09,9/14/20 11:09,9/14/20 19:09,71 15.144,71.2524,157 08.464,-157.1410667,ctd058,7,14-Sep-20,11:12:52,7.4109,99.311,323.046,7.2593,97.28,316.44,30.8961,30.8879,24.5302,24.5234,0.3872,3.9225,3.9259,0.4264,3.945
E66.1B.DY2012,1,1,FALSE,DY2012,DY20-12 Dyson 2020,9/14/20,NA,11:09,DBO5-1 setC 43mR1 79,58,1,Niskin; 0.22 µm swinex filter,95% EtOH,Chukchi Sea,DBO5-1,43,71˚ 15.144' N,157˚ 08.464' W,1000,"Sarah Donohoe, Penelope Adams",Filter stored in Whirlpak,9/14/20 11:09,9/14/20 11:09,9/14/20 19:09,71 15.144,71.2524,157 08.464,-157.1410667,ctd058,1,14-Sep-20,11:09:59,7.6163,98.072,331.634,7.386,95.106,321.607,32.1067,32.1102,25.6551,25.6578,9.7431,1.9875,1.9873,0.7514,43.334
E66.2B.DY2012,2,1,FALSE,DY2012,DY20-12 Dyson 2020,9/14/20,NA,11:09,DBO5-1 setC 43mR2 80,58,1,Niskin; 0.22 µm swinex filter,95% EtOH,Chukchi Sea,DBO5-1,43,71˚ 15.144' N,157˚ 08.464' W,1000,"Sarah Donohoe, Penelope Adams",Filter stored in Whirlpak,9/14/20 11:09,9/14/20 11:09,9/14/20 19:09,71 15.144,71.2524,157 08.464,-157.1410667,ctd058,1,14-Sep-20,11:09:59,7.6163,98.072,331.634,7.386,95.106,321.607,32.1067,32.1102,25.6551,25.6578,9.7431,1.9875,1.9873,0.7514,43.334
E67.1B.DY2012,1,1,FALSE,DY2012,DY20-12 Dyson 2020,9/14/20,NA,13:20,DBO5-5 setA 0mR1 81,60,10,Niskin; 0.22 µm swinex filter,95% EtOH,Chukchi Sea,DBO5-5,0,71˚ 24.40' N,157˚ 28.51' W,1000,"Sarah Donohoe, Penelope Adams",Filter stored in Whirlpak,9/14/20 13:20,9/14/20 13:20,9/14/20 21:20,71 24.40,71.40666667,157 28.51,-157.4751667,ctd060,10,14-Sep-20,13:27:25,7.5582,99.934,329.791,7.3862,97.661,322.288,29.6065,29.61,23.5222,23.5251,0.2195,3.731,3.7304,0.2082,3.922
E67.2B.DY2012,2,1,FALSE,DY2012,DY20-12 Dyson 2020,9/14/20,NA,13:20,DBO5-5 setA 0mR2 82,60,10,Niskin; 0.22 µm swinex filter,95% EtOH,Chukchi Sea,DBO5-5,0,71˚ 24.40' N,157˚ 28.51' W,1000,"Sarah Donohoe, Penelope Adams",Filter stored in Whirlpak,9/14/20 13:20,9/14/20 13:20,9/14/20 21:20,71 24.40,71.40666667,157 28.51,-157.4751667,ctd060,10,14-Sep-20,13:27:25,7.5582,99.934,329.791,7.3862,97.661,322.288,29.6065,29.61,23.5222,23.5251,0.2195,3.731,3.7304,0.2082,3.922
E68.1B.DY2012,1,1,FALSE,DY2012,DY20-12 Dyson 2020,9/14/20,NA,13:20,DBO5-5 setA 122mR1 83,60,2,Niskin; 0.22 µm swinex filter,95% EtOH,Chukchi Sea,DBO5-5,122,71˚ 24.40' N,157˚ 28.51' W,1000,"Sarah Donohoe, Penelope Adams",Filter stored in Whirlpak,9/14/20 13:20,9/14/20 13:20,9/14/20 21:20,71 24.40,71.40666667,157 28.51,-157.4751667,ctd060,2,14-Sep-20,13:20:51,7.1604,85.354,311.498,6.9816,83.223,303.719,33.0824,33.086,26.6069,26.6098,12.7221,-1.2369,-1.2367,0.4715,123.825
E68.2B.DY2012,2,1,FALSE,DY2012,DY20-12 Dyson 2020,9/14/20,NA,13:20,DBO5-5 setA 122mR2 84,60,2,Niskin; 0.22 µm swinex filter,95% EtOH,Chukchi Sea,DBO5-5,122,71˚ 24.40' N,157˚ 28.51' W,1000,"Sarah Donohoe, Penelope Adams",Filter stored in Whirlpak,9/14/20 13:20,9/14/20 13:20,9/14/20 21:20,71 24.40,71.40666667,157 28.51,-157.4751667,ctd060,2,14-Sep-20,13:20:51,7.1604,85.354,311.498,6.9816,83.223,303.719,33.0824,33.086,26.6069,26.6098,12.7221,-1.2369,-1.2367,0.4715,123.825
E69.1B.DY2012,1,1,FALSE,DY2012,DY20-12 Dyson 2020,9/14/20,NA,16:15,DBO5-9 setB 0mR1 85,62,8,Niskin; 0.22 µm swinex filter,95% EtOH,Chukchi Sea,DBO5-9,0,71˚ 34.833' N,157˚ 48.023' W,1000,"Sarah Donohoe, Penelope Adams",Filter stored in Whirlpak,9/14/20 16:15,9/14/20 16:15,9/15/20 0:15,71 34.833,71.58055,157 48.023,-157.8003833,ctd062,8,14-Sep-20,16:19:24,7.532,99.008,328.697,7.3092,96.079,318.974,29.4006,29.404,23.3739,23.3767,0.3573,3.5506,3.5498,0.244,1.827
E69.2B.DY2012,2,1,FALSE,DY2012,DY20-12 Dyson 2020,9/14/20,NA,16:15,DBO5-9 setB 0mR2 86,62,8,Niskin; 0.22 µm swinex filter,95% EtOH,Chukchi Sea,DBO5-9,0,71˚ 34.833' N,157˚ 48.023' W,1000,"Sarah Donohoe, Penelope Adams",Filter stored in Whirlpak,9/14/20 16:15,9/14/20 16:15,9/15/20 0:15,71 34.833,71.58055,157 48.023,-157.8003833,ctd062,8,14-Sep-20,16:19:24,7.532,99.008,328.697,7.3092,96.079,318.974,29.4006,29.404,23.3739,23.3767,0.3573,3.5506,3.5498,0.244,1.827
E70.1B.DY2012,1,1,FALSE,DY2012,DY20-12 Dyson 2020,9/14/20,NA,16:15,DBO5-9 setB 59mR1 87,62,2,Niskin; 0.22 µm swinex filter,95% EtOH,Chukchi Sea,DBO5-9,59,71˚ 34.833' N,157˚ 48.023' W,1000,"Sarah Donohoe, Penelope Adams",Filter stored in Whirlpak,9/14/20 16:15,9/14/20 16:15,9/15/20 0:15,71 34.833,71.58055,157 48.023,-157.8003833,ctd062,2,14-Sep-20,16:15:16,6.0846,71.834,264.679,5.9343,70.06,258.141,33.1408,33.1415,26.6647,26.665,1.9636,-1.6103,-1.5997,0.0424,59.724
E70.2B.DY2012,2,1,FALSE,DY2012,DY20-12 Dyson 2020,9/14/20,NA,16:15,DBO5-9 setB 59mR2 88,62,2,Niskin; 0.22 µm swinex filter,95% EtOH,Chukchi Sea,DBO5-9,59,71˚ 34.833' N,157˚ 48.023' W,1000,"Sarah Donohoe, Penelope Adams",Filter stored in Whirlpak,9/14/20 16:15,9/14/20 16:15,9/15/20 0:15,71 34.833,71.58055,157 48.023,-157.8003833,ctd062,2,14-Sep-20,16:15:16,6.0846,71.834,264.679,5.9343,70.06,258.141,33.1408,33.1415,26.6647,26.665,1.9636,-1.6103,-1.5997,0.0424,59.724
E71.1B.DY2012,1,1,FALSE,DY2012,DY20-12 Dyson 2020,9/18/20,NA,8:11,BS14 0mR1 89,65,8,Niskin; 0.22 µm swinex filter,95% EtOH,Bering Sea,BS14,0,63˚ 59.96' N,167˚ 56.62' W,1000,"Sarah Donohoe, Penelope Adams",Filter stored in Whirlpak,9/18/20 8:11,9/18/20 8:11,9/18/20 16:11,63 59.96,63.99933333,167 56.62,-167.9436667,ctd065,8,18-Sep-20,8:11:29,6.414,96.583,279.765,6.2764,94.512,273.763,30.8695,30.8717,23.898,23.8997,0.457,8.9177,8.9179,0.8032,4.075
E71.2B.DY2012,2,1,FALSE,DY2012,DY20-12 Dyson 2020,9/18/20,NA,8:11,BS14 0mR2 90,65,8,Niskin; 0.22 µm swinex filter,95% EtOH,Bering Sea,BS14,0,63˚ 59.96' N,167˚ 56.62' W,1000,"Sarah Donohoe, Penelope Adams",Filter stored in Whirlpak,9/18/20 8:11,9/18/20 8:11,9/18/20 16:11,63 59.96,63.99933333,167 56.62,-167.9436667,ctd065,8,18-Sep-20,8:11:29,6.414,96.583,279.765,6.2764,94.512,273.763,30.8695,30.8717,23.898,23.8997,0.457,8.9177,8.9179,0.8032,4.075
E72.1B.DY2012,1,1,FALSE,DY2012,DY20-12 Dyson 2020,9/18/20,NA,8:11,BS14 32mR1 91,65,1,Niskin; 0.22 µm swinex filter,95% EtOH,Bering Sea,BS14,32,63˚ 59.96' N,167˚ 56.62' W,1000,"Sarah Donohoe, Penelope Adams",Filter stored in Whirlpak,9/18/20 8:11,9/18/20 8:11,9/18/20 16:11,63 59.96,63.99933333,167 56.62,-167.9436667,ctd065,1,18-Sep-20,8:06:55,6.7604,89.575,294.366,6.5721,87.079,286.164,32.2315,32.2342,25.6674,25.6696,3.4567,3.0946,3.0951,0.3103,31.589
E72.2B.DY2012,2,1,FALSE,DY2012,DY20-12 Dyson 2020,9/18/20,NA,8:11,BS14 32mR2 92,65,1,Niskin; 0.22 µm swinex filter,95% EtOH,Bering Sea,BS14,32,63˚ 59.96' N,167˚ 56.62' W,1000,"Sarah Donohoe, Penelope Adams",Filter stored in Whirlpak,9/18/20 8:11,9/18/20 8:11,9/18/20 16:11,63 59.96,63.99933333,167 56.62,-167.9436667,ctd065,1,18-Sep-20,8:06:55,6.7604,89.575,294.366,6.5721,87.079,286.164,32.2315,32.2342,25.6674,25.6696,3.4567,3.0946,3.0951,0.3103,31.589
E73.NC.DY2012,1,1,TRUE,DY2012,DY20-12 Dyson 2020,9/18/20,NA,,Control-4,NA,NA,0.22µm swinex filter,95% EtOH,,NA,NA,NA,NA,1000,"Sarah Donohoe, Penelope Adams",Filter stored in Whirlpak,9/18/20,NA,NA,NA,NA,NA,NA,NA,NA,NA,NA,NA,NA,NA,NA,NA,NA,NA,NA,NA,NA,NA,NA,NA,NA,NA