"Sample_Name","Biological_Replicate","Technical_Replicate","Negative_control","Cruise_ID_short","Cruise_ID_long","Cast_No.","Rosette_position","Field_collection_method","Preservation","Station","Depth_m_notes","Sample_volume_ml","Personnel_responsible_for_Collecting_Sample","Field_Notes","Date_UTC_notes","Lat_notes","Lon_notes","Date_UTC_btl","verbatimEventDate","verbatimEventTime","verbatimLongitude","verbatimLatitude","verbatimCoordinateSystem","Area.within.region","ctd_time..UTC.","ctd_pressure","ctd_latitude..degrees_north.","ctd_longitude..degrees_east.","ctd_BTLID","ctd_salinity_ch1..PSU.","ctd_salinity_ch2..PSU.","ctd_sigma_t_ch1..kg.m.3.","ctd_sigma_t_ch2..kg.m.3.","ctd_chlor_fluorescence..ugrams.l.","ctd_par..umol.m.2.s.1.","ctd_temperature_ch1..degree_C.","ctd_oxy_percentsat_ch1..percent.","ctd_oxy_percentsat_ch2..percent.","ctd_oxy_conc_ch1..umol.kg.","ctd_oxy_conc_ch2..umol.kg.","ctd_temperature_ch2..degree_C.","ctd_Water_Depth..dbar.","ctd_air_pressure_at_sealevel..mbar.","ctd_wind_direction..degrees.","ctd_wind_speed..m.s.1.","ctd_air_temperature..degree_C.","ctd_Station_Name","ctd_profile_id","ctd_SI..uM.l.","ctd_PO4..uM.l.","ctd_NO2..uM.l.","ctd_NO3..uM.l.","ctd_NH4..uM.l.","ctd_PO4_WOCE_FLAG","ctd_SI_WOCE_FLAG","ctd_NO3_WOCE_FLAG","ctd_NO2_WOCE_FLAG","ctd_NH4_WOCE_FLAG","ctd_holder1","ctd_Cast","btl_bottle","btl_oxy_concM_ch1","btl_oxy_percentsat_ch1","btl_oxy_conc_ch1","btl_salinity_ch1","btl_salinity_ch2","btl_sigma_t_ch1","btl_sigma_t_ch2","btl_chlor_fluorescence","btl_temperature_ch1","btl_temperature_ch2","btl_turbidity","btl_pressure","btl_latitude","btl_longitude","btl_time","btl_profile_id","btl_holder1","btl_Cast"
"START.NC.SKQ2021",NA,NA,TRUE,"SKQ2021","SKQ21 EcoFOCI DBO",NA,NA,"Sterivex 0.22µm filter","95% EtOH",NA,NA,1000,"Matt Galaska",NA,"2021/11/08 00:00:00",NA,NA,NA,"11/8/21",NA,NA,NA,NA,NA,NA,NA,NA,NA,NA,NA,NA,NA,NA,NA,NA,NA,NA,NA,NA,NA,NA,NA,NA,NA,NA,NA,NA,NA,NA,NA,NA,NA,NA,NA,NA,NA,NA,NA,NA,NA,NA,NA,NA,NA,NA,NA,NA,NA,NA,NA,NA,NA,NA,NA,NA,NA,NA,NA,NA
"E1053.SKQ2021",1,1,FALSE,"SKQ2021","SKQ21 EcoFOCI DBO",1,4,"Niskin; Sterivex 0.22µm filter","95% EtOH","DBO3.8",46,1000,"Matt Galaska",NA,"2021/11/08 22:04:00",67.6766333333333,-168.9495,NA,"11/8/21","13:04","168˚ 56.97' W","67˚ 40.598' N","degrees minutes seconds","Chukchi Sea",NA,NA,NA,NA,NA,NA,NA,NA,NA,NA,NA,NA,NA,NA,NA,NA,NA,NA,NA,NA,NA,NA,NA,NA,NA,NA,NA,NA,NA,NA,NA,NA,NA,NA,NA,NA,NA,NA,NA,NA,NA,NA,NA,NA,NA,NA,NA,NA,NA,NA,NA,NA,NA,NA,NA
"E1054.SKQ2021",1,1,FALSE,"SKQ2021","SKQ21 EcoFOCI DBO",1,10,"Niskin; Sterivex 0.22µm filter","95% EtOH","DBO3.8",30,1000,"Matt Galaska",NA,"2021/11/08 22:04:00",67.6766333333333,-168.9495,NA,"11/8/21","13:04","168˚ 56.97' W","67˚ 40.598' N","degrees minutes seconds","Chukchi Sea",NA,NA,NA,NA,NA,NA,NA,NA,NA,NA,NA,NA,NA,NA,NA,NA,NA,NA,NA,NA,NA,NA,NA,NA,NA,NA,NA,NA,NA,NA,NA,NA,NA,NA,NA,NA,NA,NA,NA,NA,NA,NA,NA,NA,NA,NA,NA,NA,NA,NA,NA,NA,NA,NA,NA
"E1055.SKQ2021",1,1,FALSE,"SKQ2021","SKQ21 EcoFOCI DBO",1,16,"Niskin; Sterivex 0.22µm filter","95% EtOH","DBO3.8",10,1000,"Matt Galaska",NA,"2021/11/08 22:04:00",67.6766333333333,-168.9495,NA,"11/8/21","13:04","168˚ 56.97' W","67˚ 40.598' N","degrees minutes seconds","Chukchi Sea",NA,NA,NA,NA,NA,NA,NA,NA,NA,NA,NA,NA,NA,NA,NA,NA,NA,NA,NA,NA,NA,NA,NA,NA,NA,NA,NA,NA,NA,NA,NA,NA,NA,NA,NA,NA,NA,NA,NA,NA,NA,NA,NA,NA,NA,NA,NA,NA,NA,NA,NA,NA,NA,NA,NA
"E1056.SKQ2021",1,1,FALSE,"SKQ2021","SKQ21 EcoFOCI DBO",2,3,"Niskin; Sterivex 0.22µm filter","95% EtOH","DBO4.1",49,1000,"Matt Galaska",NA,"2021/11/10 02:39:00",71.19315,-160.264733333333,"2021/11/10 02:43:21","11/9/21","17:39","160˚ 15.884' W","71˚ 11.589' N","degrees minutes seconds","Chukchi Sea","2021-11-10T02:43:21Z",49,71.1935,-160.26483,1,32.4796,32.4677,26.1149,26.105236,0.1792,NA,-1.1325,74.611,NA,272.82,NA,-1.1319,53,NA,NA,NA,NA,NA,"skq202115sc002",36.7,1.955,0.15,11.7,4.35,NA,NA,NA,NA,NA,"002",2,3,"6.2981","74.99","274.119","32.46","32.4604",26.0985,26.0991,"0.1966","-1.1147","-1.1261",NA,"49.348","71.1935","-160.26483333333334","2021-11-10T02:43:21Z","SKQ202115Sc002_btl","002_btl",2
"E1057.SKQ2021",1,1,FALSE,"SKQ2021","SKQ21 EcoFOCI DBO",2,8,"Niskin; Sterivex 0.22µm filter","95% EtOH","DBO4.1",30,1000,"Matt Galaska",NA,"2021/11/10 02:39:00",71.19315,-160.264733333333,"2021/11/10 02:43:21","11/9/21","17:39","160˚ 15.884' W","71˚ 11.589' N","degrees minutes seconds","Chukchi Sea","2021-11-10T02:43:21Z",30,71.1935,-160.26483,7,30.7346,30.721800000000002,24.652262,24.642023,0.3214,NA,0.278,93.546,NA,334.053,NA,0.2763,53,NA,NA,NA,NA,NA,"skq202115sc002",20.9,1.232,0.38,3.7,3.29,NA,NA,NA,NA,NA,"002",2,8,"7.5233","91.819","327.91","30.7279","30.7226",24.6469,24.6428,"0.3949","0.2772","0.2745",NA,"30.177","71.1935","-160.26483333333334","2021-11-10T02:43:21Z","SKQ202115Sc002_btl","002_btl",2
"E1058.SKQ2021",1,1,FALSE,"SKQ2021","SKQ21 EcoFOCI DBO",2,14,"Niskin; Sterivex 0.22µm filter","95% EtOH","DBO4.1",10,1000,"Matt Galaska",NA,"2021/11/10 02:39:00",71.19315,-160.264733333333,"2021/11/10 02:43:21","11/9/21","17:39","160˚ 15.884' W","71˚ 11.589' N","degrees minutes seconds","Chukchi Sea","2021-11-10T02:43:21Z",10,71.1935,-160.26483,13,30.7358,30.7211,24.653498,24.641777,0.2986,NA,0.2719,93.229,NA,332.973,NA,0.2691,53,NA,NA,NA,NA,NA,"skq202115sc002",16.5,1.038,0.44,1.6,3.05,NA,NA,NA,NA,NA,"002",2,14,"7.5784","92.471","330.31","30.7272","30.7227",24.6467,24.6431,"0.3726","0.2692","0.2665",NA,"9.922","71.1935","-160.26483333333334","2021-11-10T02:43:21Z","SKQ202115Sc002_btl","002_btl",2
"E1059.SKQ2021",1,1,FALSE,"SKQ2021","SKQ21 EcoFOCI DBO",3,2,"Niskin; Sterivex 0.22µm filter","95% EtOH","DBO4.2",43,1000,"Matt Galaska",NA,"2021/11/10 04:55:00",71.3218,-160.656666666667,"2021/11/10 04:54:19","11/9/21","19:55","160˚ 39.4' W","71˚ 19.308' N","degrees minutes seconds","Chukchi Sea","2021-11-10T04:54:19Z",43,71.32183,-160.65683,1,32.3957,32.3882,26.04159,26.035536,0.0919,NA,-0.9614,77.943,NA,283.888,NA,-0.9621,48,NA,NA,NA,NA,NA,"skq202115sc003",29.1,1.834,0.37,8.7,4.64,NA,NA,NA,NA,NA,"003",3,2,"6.48","77.396","282.047","32.4094","32.4049",26.0534,26.05,"0.0923","-0.985","-0.9894",NA,"43.305","71.32183333333333","-160.65683333333334","2021-11-10T04:54:19Z","SKQ202115Sc003_btl","003_btl",3
"E1060.SKQ2021",1,1,FALSE,"SKQ2021","SKQ21 EcoFOCI DBO",3,6,"Niskin; Sterivex 0.22µm filter","95% EtOH","DBO4.2",30,1000,"Matt Galaska",NA,"2021/11/10 04:55:00",71.3218,-160.656666666667,"2021/11/10 04:54:19","11/9/21","19:55","160˚ 39.4' W","71˚ 19.308' N","degrees minutes seconds","Chukchi Sea","2021-11-10T04:54:19Z",30,71.32183,-160.65683,4,31.9194,31.9068,25.620317,25.61026,6e-4,NA,-0.0117,80.402,NA,286.649,NA,-0.0142,48,NA,NA,NA,NA,NA,"skq202115sc003",22.8,1.62,0.59,6.3,5.18,NA,NA,NA,NA,NA,"003",3,6,"6.6831","81.643","291.016","31.9058","31.9097",25.6089,25.6123,"0.0339","-4.0E-4","-0.006",NA,"30.387","71.32183333333333","-160.65683333333334","2021-11-10T04:54:19Z","SKQ202115Sc003_btl","003_btl",3
"E1061.SKQ2021",1,1,FALSE,"SKQ2021","SKQ21 EcoFOCI DBO",3,11,"Niskin; Sterivex 0.22µm filter","95% EtOH","DBO4.2",10,1000,"Matt Galaska",NA,"2021/11/10 04:55:00",71.3218,-160.656666666667,"2021/11/10 04:54:19","11/9/21","19:55","160˚ 39.4' W","71˚ 19.308' N","degrees minutes seconds","Chukchi Sea","2021-11-10T04:54:19Z",10,71.32183,-160.65683,10,30.6929,30.6825,24.632223,24.624063,0.1671,NA,-0.0461,95.909,NA,345.538,NA,-0.0519,48,NA,NA,NA,NA,NA,"skq202115sc003",15.4,1.075,0.42,1.9,3.11,NA,NA,NA,NA,NA,"003",3,11,"8.0981","98.183","352.974","30.664","30.6593",24.6053,24.6016,"0.1691","0.043","0.0427",NA,"10.251","71.32183333333333","-160.65683333333334","2021-11-10T04:54:19Z","SKQ202115Sc003_btl","003_btl",3
"E1062.SKQ2021",1,1,FALSE,"SKQ2021","SKQ21 EcoFOCI DBO",4,2,"Niskin; Sterivex 0.22µm filter","95% EtOH","DBO4.3",43,1000,"Matt Galaska",NA,"2021/11/10 07:19:00",71.4543333333333,-161.039383333333,"2021/11/10 07:21:59","11/9/21","22:19","161˚ 2.363' W","71˚ 27.26' N","degrees minutes seconds","Chukchi Sea","2021-11-10T07:21:59Z",43,71.45433,-161.03934,1,32.1225,32.1157,25.795477,25.79013,0.1133,NA,-0.2751,80.197,NA,287.448,NA,-0.2787,47,NA,NA,NA,NA,NA,"skq202115sc004",25.1,1.685,0.6,6,5.22,NA,NA,NA,NA,NA,"004",4,2,"6.5923","80.094","287.008","32.1225","32.1166",25.7951,25.7904,"0.1112","-0.2657","-0.2677",NA,"43.344","71.45433333333334","-161.03933333333333","2021-11-10T07:21:59Z","SKQ202115Sc004_btl","004_btl",4
"E1063.SKQ2021",1,1,FALSE,"SKQ2021","SKQ21 EcoFOCI DBO",4,5,"Niskin; Sterivex 0.22µm filter","95% EtOH","DBO4.3",30,1000,"Matt Galaska",NA,"2021/11/10 07:19:00",71.4543333333333,-161.039383333333,"2021/11/10 07:21:59","11/9/21","22:19","161˚ 2.363' W","71˚ 27.26' N","degrees minutes seconds","Chukchi Sea","2021-11-10T07:21:59Z",30,71.45433,-161.03934,4,32.1261,32.1151,25.797718,25.788908,0.0902,NA,-0.2589,80.119,NA,287.039,NA,-0.2607,47,NA,NA,NA,NA,NA,"skq202115sc004",25.5,1.702,0.63,6.2,5.36,NA,NA,NA,NA,NA,"004",4,5,"6.6121","80.373","287.873","32.1213","32.1167",25.7934,25.7897,"0.1112","-0.2475","-0.2486",NA,"30.407","71.45433333333334","-161.03933333333333","2021-11-10T07:21:59Z","SKQ202115Sc004_btl","004_btl",4
"E1064.SKQ2021",1,1,FALSE,"SKQ2021","SKQ21 EcoFOCI DBO",4,11,"Niskin; Sterivex 0.22µm filter","95% EtOH","DBO4.3",10,1000,"Matt Galaska",NA,"2021/11/10 07:19:00",71.4543333333333,-161.039383333333,"2021/11/10 07:21:59","11/9/21","22:19","161˚ 2.363' W","71˚ 27.26' N","degrees minutes seconds","Chukchi Sea","2021-11-10T07:21:59Z",10,71.45433,-161.03934,10,30.7468,30.7336,24.718752,24.70808,0.0744,NA,-1.5209,96.387,NA,361.053,NA,-1.5232,47,NA,NA,NA,NA,NA,"skq202115sc004",8.2,0.912,0.16,1.8,2.23,NA,NA,NA,NA,NA,"004",4,11,"8.2945","96.567","361.495","30.7504","30.7382",24.7212,24.7117,"0.1095","-1.4981","-1.5196",NA,"10.307","71.45433333333334","-161.03933333333333","2021-11-10T07:21:59Z","SKQ202115Sc004_btl","004_btl",4
"E1065.SKQ2021",1,1,FALSE,"SKQ2021","SKQ21 EcoFOCI DBO",5,3,"Niskin; Sterivex 0.22µm filter","95% EtOH","DBO4.4",43,1000,"Matt Galaska",NA,"2021/11/10 10:26:00",71.589,-161.405833333333,"2021/11/10 10:27:49","11/10/21","1:26","161˚ 24.35' W","71˚ 35.34' N","degrees minutes seconds","Chukchi Sea","2021-11-10T10:27:49Z",43,71.589,-161.4065,1,32.7827,32.7779,26.371777,26.367907,0.1233,NA,-1.5283,63.569,NA,234.368,NA,-1.5294,48,NA,NA,NA,NA,NA,"skq202115sc005",45.1,2.171,0.17,13.5,5.85,NA,NA,NA,NA,NA,"005",5,3,"5.3715","63.395","233.729","32.7823","32.7781",26.3714,26.3681,"0.1192","-1.5283","-1.5293",NA,"43.311","71.589","-161.4065","2021-11-10T10:27:49Z","SKQ202115Sc005_btl","005_btl",5
"E1066.SKQ2021",1,1,FALSE,"SKQ2021","SKQ21 EcoFOCI DBO",5,5,"Niskin; Sterivex 0.22µm filter","95% EtOH","DBO4.4",30,1000,"Matt Galaska",NA,"2021/11/10 10:26:00",71.589,-161.405833333333,"2021/11/10 10:27:49","11/10/21","1:26","161˚ 24.35' W","71˚ 35.34' N","degrees minutes seconds","Chukchi Sea","2021-11-10T10:27:49Z",30,71.589,-161.4065,4,32.4746,32.4653,26.113531,26.105772,0.0736,NA,-1.224,73.828,NA,270.628,NA,-1.2164,48,NA,NA,NA,NA,NA,"skq202115sc005",41.6,2.118,0.26,12,5.5,NA,NA,NA,NA,NA,"005",5,5,"5.9107","69.945","257.228","32.6031","32.5983",26.2221,26.2183,"0.0808","-1.3818","-1.3815",NA,"30.379","71.589","-161.4065","2021-11-10T10:27:49Z","SKQ202115Sc005_btl","005_btl",5
"E1067.SKQ2021",1,1,FALSE,"SKQ2021","SKQ21 EcoFOCI DBO",5,11,"Niskin; Sterivex 0.22µm filter","95% EtOH","DBO4.4",10,1000,"Matt Galaska",NA,"2021/11/10 10:26:00",71.589,-161.405833333333,"2021/11/10 10:27:49","11/10/21","1:26","161˚ 24.35' W","71˚ 35.34' N","degrees minutes seconds","Chukchi Sea","2021-11-10T10:27:49Z",10,71.589,-161.4065,10,30.6949,30.6866,24.679108,24.672386,0.0768,NA,-1.665,95.22,NA,358.224,NA,-1.6662,48,NA,NA,NA,NA,NA,"skq202115sc005",6.5,0.853,0.12,1.6,1.85,NA,NA,NA,NA,NA,"005",5,11,"8.2295","95.335","358.677","30.6967","30.6906",24.6806,24.6757,"0.0831","-1.667","-1.6681",NA,"10.315","71.589","-161.4065","2021-11-10T10:27:49Z","SKQ202115Sc005_btl","005_btl",5
"E1068.SKQ2021",1,1,FALSE,"SKQ2021","SKQ21 EcoFOCI DBO",6,2,"Niskin; Sterivex 0.22µm filter","95% EtOH","CEO",42,1000,"Matt Galaska",NA,"2021/11/10 12:18:00",71.5908333333333,-161.524833333333,"2021/11/10 12:13:45","11/10/21","3:18","161˚ 31.49' W","71˚ 35.45' N","degrees minutes seconds","Chukchi Sea","2021-11-10T12:13:45Z",42,71.59116,-161.523,1,32.7707,32.7638,26.361738,26.356165,0.1402,NA,-1.5167,63.749,NA,234.983,NA,-1.5179,46,NA,NA,NA,NA,NA,"skq202115sc006",47.3,2.18,0.19,13.2,5.89,NA,NA,NA,NA,NA,"006",6,2,"5.4109","63.873","235.443","32.7704","32.7643",26.3615,26.3566,"0.1376","-1.5172","-1.5181",NA,"42.303","71.59116666666667","-161.523","2021-11-10T12:13:45Z","SKQ202115Sc006_btl","006_btl",6
"E1069.SKQ2021",1,1,FALSE,"SKQ2021","SKQ21 EcoFOCI DBO",6,8,"Niskin; Sterivex 0.22µm filter","95% EtOH","CEO",30,1000,"Matt Galaska",NA,"2021/11/10 12:18:00",71.5908333333333,-161.524833333333,"2021/11/10 12:13:45","11/10/21","3:18","161˚ 31.49' W","71˚ 35.45' N","degrees minutes seconds","Chukchi Sea","2021-11-10T12:13:45Z",30,71.59116,-161.523,7,32.5629,32.5533,26.188961,26.181183,0.1129,NA,-1.3605,72.368,NA,266.067,NA,-1.3609,46,NA,NA,NA,NA,NA,"skq202115sc006",35.1,2.045,0.3,11.2,5.25,NA,NA,NA,NA,NA,"006",6,8,"6.0822","71.971","264.696","32.5841","32.5797",26.2066,26.2031,"0.1444","-1.3787","-1.3793",NA,"30.186","71.59116666666667","-161.523","2021-11-10T12:13:45Z","SKQ202115Sc006_btl","006_btl",6
"E1070.SKQ2021",1,1,FALSE,"SKQ2021","SKQ21 EcoFOCI DBO",6,14,"Niskin; Sterivex 0.22µm filter","95% EtOH","CEO",10,1000,"Matt Galaska",NA,"2021/11/10 12:18:00",71.5908333333333,-161.524833333333,"2021/11/10 12:13:45","11/10/21","3:18","161˚ 31.49' W","71˚ 35.45' N","degrees minutes seconds","Chukchi Sea","2021-11-10T12:13:45Z",10,71.59116,-161.523,13,30.6217,30.6095,24.619558,24.609682,0.144,NA,-1.6587,94.754,NA,356.619,NA,-1.6607,46,NA,NA,NA,NA,NA,"skq202115sc006",6.2,0.851,0.11,1.6,1.59,NA,NA,NA,NA,NA,"006",6,14,"7.9022","91.498","344.434","30.615","30.6103",24.6142,24.6104,"0.1215","-1.6639","-1.6649",NA,"10.203","71.59116666666667","-161.523","2021-11-10T12:13:45Z","SKQ202115Sc006_btl","006_btl",6
"E1071.SKQ2021",1,1,FALSE,"SKQ2021","SKQ21 EcoFOCI DBO",7,2,"Niskin; Sterivex 0.22µm filter","95% EtOH","DBO4.5",39,1000,"Matt Galaska",NA,"2021/11/10 14:34:00",71.7186666666667,-161.774716666667,"2021/11/10 14:33:01","11/10/21","5:34","161˚ 46.483' W","71˚ 43.12' N","degrees minutes seconds","Arctic Ocean","2021-11-10T14:33:01Z",39,71.71917,-161.77434,1,32.8335,32.8252,26.41508,26.408365,0.2124,NA,-1.6106,61.793,NA,228.235,NA,-1.6118,44,NA,NA,NA,NA,NA,"skq202115sc007",50.9,2.236,0.07,15.2,5.43,NA,NA,NA,NA,NA,"007",7,2,"5.2381","61.704","227.912","32.8329","32.8259",26.4146,26.4089,"0.2247","-1.6106","-1.6116",NA,"39.34","71.71916666666667","-161.77433333333335","2021-11-10T14:33:01Z","SKQ202115Sc007_btl","007_btl",7
"E1072.SKQ2021",1,1,FALSE,"SKQ2021","SKQ21 EcoFOCI DBO",7,5,"Niskin; Sterivex 0.22µm filter","95% EtOH","DBO4.5",30,1000,"Matt Galaska",NA,"2021/11/10 14:34:00",71.7186666666667,-161.774716666667,"2021/11/10 14:33:01","11/10/21","5:34","161˚ 46.483' W","71˚ 43.12' N","degrees minutes seconds","Arctic Ocean","2021-11-10T14:33:01Z",30,71.71917,-161.77434,4,32.8272,32.816,26.409986,26.400917,0.2118,NA,-1.6116,63.807,NA,235.692,NA,-1.6128,44,NA,NA,NA,NA,NA,"skq202115sc007",52.1,2.234,0.07,15.2,5.39,NA,NA,NA,NA,NA,"007",7,5,"5.2885","62.293","230.108","32.8233","32.8179",26.4068,26.4025,"0.2373","-1.6117","-1.6128",NA,"30.031","71.71916666666667","-161.77433333333335","2021-11-10T14:33:01Z","SKQ202115Sc007_btl","007_btl",7
"E1073.SKQ2021",1,1,FALSE,"SKQ2021","SKQ21 EcoFOCI DBO",7,11,"Niskin; Sterivex 0.22µm filter","95% EtOH","DBO4.5",10,1000,"Matt Galaska",NA,"2021/11/10 14:34:00",71.7186666666667,-161.774716666667,"2021/11/10 14:33:01","11/10/21","5:34","161˚ 46.483' W","71˚ 43.12' N","degrees minutes seconds","Arctic Ocean","2021-11-10T14:33:01Z",10,71.71917,-161.77434,10,30.5317,30.5288,24.54665,24.54432,0.092,NA,-1.6704,94.092,NA,354.494,NA,-1.672,44,NA,NA,NA,NA,NA,"skq202115sc007",3.7,0.747,0.05,1.1,0.93,NA,NA,NA,NA,NA,"007",7,11,"8.0945","93.567","352.882","30.3778","30.3724",24.4216,24.4172,"0.1485","-1.6638","-1.6647",NA,"9.983","71.71916666666667","-161.77433333333335","2021-11-10T14:33:01Z","SKQ202115Sc007_btl","007_btl",7
"E1074.SKQ2021",1,1,FALSE,"SKQ2021","SKQ21 EcoFOCI DBO",8,2,"Niskin; Sterivex 0.22µm filter","95% EtOH","DBO4.6",37,1000,"Matt Galaska",NA,"2021/11/10 18:39:00",71.8507,-162.17025,"2021/11/10 18:39:00","11/10/21","9:39","162˚ 10.215' W","71˚ 51.042' N","degrees minutes seconds","Arctic Ocean","2021-11-10T18:39:00Z",37,71.85067,-162.16983,1,32.781,32.7742,26.372078,26.366581,0.2583,NA,-1.596,63.042,NA,232.853,NA,-1.5971,42,NA,NA,NA,NA,NA,"skq202115sc008",49.4,2.12,0.17,12.8,5.05,NA,NA,NA,NA,NA,"008",8,2,"5.3422","62.932","232.452","32.781","32.7751",26.3721,26.3673,"0.2499","-1.5963","-1.5971",NA,"37.154","71.85066666666667","-162.16983333333334","2021-11-10T18:39:00Z","SKQ202115Sc008_btl","008_btl",8
"E1075.SKQ2021",1,1,FALSE,"SKQ2021","SKQ21 EcoFOCI DBO",8,5,"Niskin; Sterivex 0.22µm filter","95% EtOH","DBO4.6",30.6,1000,"Matt Galaska",NA,"2021/11/10 18:39:00",71.8507,-162.17025,"2021/11/10 18:39:00","11/10/21","9:39","162˚ 10.215' W","71˚ 51.042' N","degrees minutes seconds","Arctic Ocean","2021-11-10T18:39:00Z",31,71.85067,-162.16983,4,32.5137,32.5053,26.153942,26.147144,0.1972,NA,-1.5532,67.89,NA,250.999,NA,-1.5542,42,NA,NA,NA,NA,NA,"skq202115sc008",45.3,2.128,0.2,13.9,5.06,NA,NA,NA,NA,NA,"008",8,5,"5.6206","66.16","244.624","32.4955","32.4906",26.1391,26.1351,"0.1932","-1.5504","-1.5512",NA,"30.592","71.85066666666667","-162.16983333333334","2021-11-10T18:39:00Z","SKQ202115Sc008_btl","008_btl",8
"E1076.SKQ2021",1,1,FALSE,"SKQ2021","SKQ21 EcoFOCI DBO",8,11,"Niskin; Sterivex 0.22µm filter","95% EtOH","DBO4.6",10.5,1000,"Matt Galaska",NA,"2021/11/10 18:39:00",71.8507,-162.17025,"2021/11/10 18:39:00","11/10/21","9:39","162˚ 10.215' W","71˚ 51.042' N","degrees minutes seconds","Arctic Ocean","2021-11-10T18:39:00Z",10,71.85067,-162.16983,10,30.5096,30.499,24.528755,24.520164,0.0818,NA,-1.6739,94.432,NA,355.869,NA,-1.675,42,NA,NA,NA,NA,NA,"skq202115sc008",7.8,0.789,0.14,1.6,0.97,NA,NA,NA,NA,NA,"008",8,11,"8.1148","93.859","353.73","30.5039","30.4981",24.5241,24.5194,"0.0831","-1.6738","-1.6747",NA,"10.411","71.85066666666667","-162.16983333333334","2021-11-10T18:39:00Z","SKQ202115Sc008_btl","008_btl",8
"E1077.SKQ2021",1,1,FALSE,"SKQ2021","SKQ21 EcoFOCI DBO",9,2,"Niskin; Sterivex 0.22µm filter","95% EtOH","C2",40.3,1000,"Matt Galaska",NA,"2021/11/11 05:10:00",71,-164,"2021/11/11 05:08:13","11/10/21","20:10","164˚ 0.00' W","71˚ 0.00' N","degrees minutes seconds","Chukchi Sea","2021-11-11T05:08:13Z",40,71.21833,-164.24283,1,31.6179,31.612,25.366898,25.362173,0.128,NA,0.216,79.757,NA,283.321,NA,0.2153,44,NA,NA,NA,NA,NA,"skq202115sc009",22.4,1.4,0.54,4.6,4.38,NA,NA,NA,NA,NA,"009",9,2,"6.502","79.736","283.195","31.6242","31.6138",25.3717,25.3636,"0.1393","0.2211","0.2159",NA,"40.265","71.21833333333333","-164.24283333333332","2021-11-11T05:08:13Z","SKQ202115Sc009_btl","009_btl",9
"E1078.SKQ2021",1,1,FALSE,"SKQ2021","SKQ21 EcoFOCI DBO",9,5,"Niskin; Sterivex 0.22µm filter","95% EtOH","C2",30.4,1000,"Matt Galaska",NA,"2021/11/11 05:10:00",71,-164,"2021/11/11 05:08:13","11/10/21","20:10","164˚ 0.00' W","71˚ 0.00' N","degrees minutes seconds","Chukchi Sea","2021-11-11T05:08:13Z",30,71.21833,-164.24283,4,31.2191,31.2075,25.066292,25.056889,0.175,NA,-0.2872,91.611,NA,330.79,NA,-0.2863,44,NA,NA,NA,NA,NA,"skq202115sc009",18.5,1.172,0.53,3,3.63,NA,NA,NA,NA,NA,"009",9,5,"7.5822","91.506","330.343","31.2196","31.2154",25.0664,25.063,"0.1192","-0.2795","-0.2798",NA,"30.339","71.21833333333333","-164.24283333333332","2021-11-11T05:08:13Z","SKQ202115Sc009_btl","009_btl",9
"E1079.SKQ2021",1,1,FALSE,"SKQ2021","SKQ21 EcoFOCI DBO",9,11,"Niskin; Sterivex 0.22µm filter","95% EtOH","C2",10,1000,"Matt Galaska",NA,"2021/11/11 05:10:00",71,-164,"2021/11/11 05:08:13","11/10/21","20:10","164˚ 0.00' W","71˚ 0.00' N","degrees minutes seconds","Chukchi Sea","2021-11-11T05:08:13Z",10,71.21833,-164.24283,10,31.1364,31.1254,25.005898,24.997068,0.1465,NA,-0.4631,92.333,NA,335.168,NA,-0.4648,44,NA,NA,NA,NA,NA,"skq202115sc009",15,1.043,0.46,1.9,3.05,NA,NA,NA,NA,NA,"009",9,11,"7.7277","92.732","336.708","31.1133","31.1091",24.9873,24.9839,"0.1485","-0.4661","-0.4665",NA,"10.227","71.21833333333333","-164.24283333333332","2021-11-11T05:08:13Z","SKQ202115Sc009_btl","009_btl",9
"E1080.SKQ2021",1,1,FALSE,"SKQ2021","SKQ21 EcoFOCI DBO",10,2,"Niskin; Sterivex 0.22µm filter","95% EtOH","DBO3.1",30,1000,"Matt Galaska",NA,"2021/11/12 01:21:00",68.304,-166.929366666667,"2021/11/12 01:18:18","11/11/21","16:21","166˚ 55.762' W","68˚ 18.240' N","degrees minutes seconds","Chukchi Sea","2021-11-12T01:18:18Z",30,68.304,-166.92883,1,30.8708,30.8633,24.793299,24.787266,0.4641,NA,-0.5236,94.354,NA,343.772,NA,-0.5245,33,NA,NA,NA,NA,NA,"skq202115sc010",21.1,1.282,0.24,5,2.86,NA,NA,NA,NA,NA,"010",10,2,"7.8832","94.297","343.546","30.8719","30.8662",24.7941,24.7896,"0.505","-0.5221","-0.5222",NA,"30.03","68.304","-166.92883333333333","2021-11-12T01:18:18Z","SKQ202115Sc010_btl","010_btl",10
"E1081.SKQ2021",1,1,FALSE,"SKQ2021","SKQ21 EcoFOCI DBO",10,6,"Niskin; Sterivex 0.22µm filter","95% EtOH","DBO3.1",10,1000,"Matt Galaska",NA,"2021/11/12 01:21:00",68.304,-166.929366666667,"2021/11/12 01:18:18","11/11/21","16:21","166˚ 55.762' W","68˚ 18.240' N","degrees minutes seconds","Chukchi Sea","2021-11-12T01:18:18Z",10,68.304,-166.92883,5,29.7205,29.7064,23.886913,23.875523,0.3925,NA,-1.5965,96.419,NA,364.861,NA,-1.6005,33,NA,NA,NA,NA,NA,"skq202115sc010",15.9,1.019,0.21,2.2,2.1,NA,NA,NA,NA,NA,"010",10,6,"8.3482","96.307","364.122","29.7578","29.743",23.9169,23.9051,"0.4551","-1.575","-1.5887",NA,"10.204","68.304","-166.92883333333333","2021-11-12T01:18:18Z","SKQ202115Sc010_btl","010_btl",10
"E1082.SKQ2021",1,1,FALSE,"SKQ2021","SKQ21 EcoFOCI DBO",11,2,"Niskin; Sterivex 0.22µm filter","95% EtOH","DBO3.2",38.4,1000,"Matt Galaska",NA,"2021/11/12 03:15:00",68.2506666666667,-167.12175,"2021/11/12 03:14:11","11/11/21","18:15","167˚ 7.305' W","68˚ 15.04' N","degrees minutes seconds","Arctic Ocean","2021-11-12T03:14:11Z",38,68.24934,-167.12334,1,31.6501,31.6397,25.363726,25.355438,0.2577,NA,0.7951,92.687,NA,324.256,NA,0.7937,43,NA,NA,NA,NA,NA,"skq202115sc011",26.4,1.533,0.23,8.4,3.35,NA,NA,NA,NA,NA,"011",11,2,"7.4672","92.966","325.237","31.6493","31.6409",25.3632,25.3565,"0.2831","0.7942","0.7933",NA,"38.407","68.24933333333334","-167.12333333333333","2021-11-12T03:14:11Z","SKQ202115Sc011_btl","011_btl",11
"E1083.SKQ2021",1,1,FALSE,"SKQ2021","SKQ21 EcoFOCI DBO",11,5,"Niskin; Sterivex 0.22µm filter","95% EtOH","DBO3.2",30.6,1000,"Matt Galaska",NA,"2021/11/12 03:15:00",68.2506666666667,-167.12175,"2021/11/12 03:14:11","11/11/21","18:15","167˚ 7.305' W","68˚ 15.04' N","degrees minutes seconds","Arctic Ocean","2021-11-12T03:14:11Z",31,68.24934,-167.12334,4,31.6466,31.6319,25.360302,25.34858,0.2532,NA,0.8063,92.478,NA,323.439,NA,0.8045,43,NA,NA,NA,NA,NA,"skq202115sc011",26,1.469,0.23,8.1,3.24,NA,NA,NA,NA,NA,"011",11,5,"7.4553","92.823","324.717","31.6457","31.6389",25.3601,25.3546,"0.2562","0.7978","0.7971",NA,"30.655","68.24933333333334","-167.12333333333333","2021-11-12T03:14:11Z","SKQ202115Sc011_btl","011_btl",11
"E1084.SKQ2021",1,1,FALSE,"SKQ2021","SKQ21 EcoFOCI DBO",11,11,"Niskin; Sterivex 0.22µm filter","95% EtOH","DBO3.2",9.9,1000,"Matt Galaska",NA,"2021/11/12 03:15:00",68.2506666666667,-167.12175,"2021/11/12 03:14:11","11/11/21","18:15","167˚ 7.305' W","68˚ 15.04' N","degrees minutes seconds","Arctic Ocean","2021-11-12T03:14:11Z",10,68.24934,-167.12334,10,29.7071,29.6879,23.876392,23.860825,0.3094,NA,-1.6227,96.503,NA,365.481,NA,-1.6242,43,NA,NA,NA,NA,NA,"skq202115sc011",10.2,0.748,0.14,0.6,1.47,NA,NA,NA,NA,NA,"011",11,11,"8.4031","96.745","366.54","29.6759","29.6651",23.8512,23.8424,"0.3634","-1.6278","-1.6288",NA,"9.924","68.24933333333334","-167.12333333333333","2021-11-12T03:14:11Z","SKQ202115Sc011_btl","011_btl",11
"E1085.SKQ2021",1,1,FALSE,"SKQ2021","SKQ21 EcoFOCI DBO",13,4,"Niskin; Sterivex 0.22µm filter","95% EtOH","DBO3.3",43,1000,"Matt Galaska",NA,"2021/11/12 05:26:00",68.1905166666667,-167.291166666667,"2021/11/12 05:25:50","11/11/21","20:26","167˚ 17.47' W","68˚ 11.431' N","degrees minutes seconds","Chukchi Sea","2021-11-12T05:25:50Z",43,68.1905,-167.29134,1,31.819,31.8172,25.497843,25.496456,0.2335,NA,0.8264,88.903,NA,310.359,NA,0.8253,46,NA,NA,NA,NA,NA,"skq202115sc013",29.6,1.733,0.24,10.8,3.98,NA,NA,NA,NA,NA,"013",13,4,"7.1307","88.956","310.541","31.82","31.8181",25.4986,25.4972,"0.2562","0.8264","0.8245",NA,"43.143","68.1905","-167.29133333333334","2021-11-12T05:25:50Z","SKQ202115Sc013_btl","013_btl",13
"E1086.SKQ2021",1,1,FALSE,"SKQ2021","SKQ21 EcoFOCI DBO",13,8,"Niskin; Sterivex 0.22µm filter","95% EtOH","DBO3.3",30,1000,"Matt Galaska",NA,"2021/11/12 05:26:00",68.1905166666667,-167.291166666667,"2021/11/12 05:25:50","11/11/21","20:26","167˚ 17.47' W","68˚ 11.431' N","degrees minutes seconds","Chukchi Sea","2021-11-12T05:25:50Z",30,68.1905,-167.29134,5,31.8226,31.8133,25.499554,25.492142,0.1805,NA,0.8478,88.517,NA,308.831,NA,0.8466,46,NA,NA,NA,NA,NA,"skq202115sc013",30.8,1.662,0.23,10.6,3.96,NA,NA,NA,NA,NA,"013",13,8,"7.1118","88.757","309.717","31.8092","31.8061",25.4889,25.4864,"0.298","0.8458","0.8453",NA,"30.067","68.1905","-167.29133333333334","2021-11-12T05:25:50Z","SKQ202115Sc013_btl","013_btl",13
"E1087.SKQ2021",1,1,FALSE,"SKQ2021","SKQ21 EcoFOCI DBO",13,16,"Niskin; Sterivex 0.22µm filter","95% EtOH","DBO3.3",9.6,1000,"Matt Galaska",NA,"2021/11/12 05:26:00",68.1905166666667,-167.291166666667,"2021/11/12 05:25:50","11/11/21","20:26","167˚ 17.47' W","68˚ 11.431' N","degrees minutes seconds","Chukchi Sea","2021-11-12T05:25:50Z",10,68.1905,-167.29134,13,29.7024,29.7055,23.872551,23.875069,0.2746,NA,-1.6208,96.598,NA,365.834,NA,-1.6209,46,NA,NA,NA,NA,NA,"skq202115sc013",11.2,0.829,0.15,0.7,1.5,NA,NA,NA,NA,NA,"013",13,16,"8.3808","96.604","365.538","29.7753","29.7697",23.9315,23.927,"0.2625","-1.6097","-1.6105",NA,"9.651","68.1905","-167.29133333333334","2021-11-12T05:25:50Z","SKQ202115Sc013_btl","013_btl",13
"E1088.SKQ2021",1,1,FALSE,"SKQ2021","SKQ21 EcoFOCI DBO",14,4,"Niskin; Sterivex 0.22µm filter","95% EtOH","DBO3.4",45,1000,"Matt Galaska",NA,"2021/11/12 00:00:00",68.1166666666667,-167.483333333333,"2021/11/12 07:05:36","11/11/21","","167˚ 29' W","68˚ 7.00' N","degrees minutes seconds","Chukchi Sea","2021-11-12T07:05:36Z",45,68.1325,-167.48784,1,31.9181,31.9104,25.556532,25.550365,0.2403,NA,1.1888,83.634,NA,289.035,NA,1.1885,49,NA,NA,NA,NA,NA,"skq202115sc014",33.4,1.798,0.24,11.2,4.47,NA,NA,NA,NA,NA,"014",14,4,"6.6151","83.355","288.07","31.9174","31.9112",25.556,25.5511,"0.2613","1.1886","1.1873",NA,"45.233","68.1325","-167.48783333333333","2021-11-12T07:05:36Z","SKQ202115Sc014_btl","014_btl",14
"E1089.SKQ2021",1,1,FALSE,"SKQ2021","SKQ21 EcoFOCI DBO",14,12,"Niskin; Sterivex 0.22µm filter","95% EtOH","DBO3.4",30,1000,"Matt Galaska",NA,"2021/11/12 00:00:00",68.1166666666667,-167.483333333333,"2021/11/12 07:05:36","11/11/21","","167˚ 29' W","68˚ 7.00' N","degrees minutes seconds","Chukchi Sea","2021-11-12T07:05:36Z",30,68.1325,-167.48784,9,31.9301,31.9112,25.566217,25.551062,0.1826,NA,1.188,83.647,NA,289.059,NA,1.1876,49,NA,NA,NA,NA,NA,"skq202115sc014",33.5,1.808,0.24,11.2,4.47,NA,NA,NA,NA,NA,"014",14,12,"6.6162","83.372","288.117","31.9147","31.9097",25.5536,25.5497,"0.2482","1.1914","1.1901",NA,"30.405","68.1325","-167.48783333333333","2021-11-12T07:05:36Z","SKQ202115Sc014_btl","014_btl",14
"E1090.SKQ2021",1,1,FALSE,"SKQ2021","SKQ21 EcoFOCI DBO",14,20,"Niskin; Sterivex 0.22µm filter","95% EtOH","DBO3.4",10,1000,"Matt Galaska",NA,"2021/11/12 00:00:00",68.1166666666667,-167.483333333333,"2021/11/12 07:05:36","11/11/21","","167˚ 29' W","68˚ 7.00' N","degrees minutes seconds","Chukchi Sea","2021-11-12T07:05:36Z",10,68.1325,-167.48784,17,29.7225,29.7054,23.88888,23.875015,0.1906,NA,-1.6217,96.955,NA,367.137,NA,-1.623,49,NA,NA,NA,NA,NA,"skq202115sc014",12.2,0.864,0.16,1.3,1.65,NA,NA,NA,NA,NA,"014",14,20,"8.4023","96.912","366.495","29.7175","29.7089",23.8841,23.8773,"0.1892","-1.5721","-1.581",NA,"9.936","68.1325","-167.48783333333333","2021-11-12T07:05:36Z","SKQ202115Sc014_btl","014_btl",14
"E1091.SKQ2021",1,1,FALSE,"SKQ2021","SKQ21 EcoFOCI DBO",15,4,"Niskin; Sterivex 0.22µm filter","95% EtOH","DBO3.5",48.5,1000,"Matt Galaska",NA,"2021/11/12 09:37:00",68.013,-167.885333333333,"2021/11/12 09:39:57","11/12/21","0:37","167˚ 53.12' W","68˚ 0.78' N","degrees minutes seconds","Chukchi Sea","2021-11-12T09:39:57Z",48,68.01317,-167.87933,1,32.9926,32.9882,26.52363,26.520107,0.3399,NA,-0.9171,51.192,NA,185.365,NA,-0.9183,52,NA,NA,NA,NA,NA,"skq202115sc015",55.3,2.361,0.45,12.2,7.29,NA,NA,NA,NA,NA,"015",15,4,"4.2544","51.116","185.091","32.9919","32.988",26.5231,26.5199,"0.3542","-0.9169","-0.9181",NA,"48.429","68.01316666666666","-167.87933333333334","2021-11-12T09:39:57Z","SKQ202115Sc015_btl","015_btl",15
"E1092.SKQ2021",1,1,FALSE,"SKQ2021","SKQ21 EcoFOCI DBO",15,12,"Niskin; Sterivex 0.22µm filter","95% EtOH","DBO3.5",30.6,1000,"Matt Galaska",NA,"2021/11/12 09:37:00",68.013,-167.885333333333,"2021/11/12 09:39:57","11/12/21","0:37","167˚ 53.12' W","68˚ 0.78' N","degrees minutes seconds","Chukchi Sea","2021-11-12T09:39:57Z",31,68.01317,-167.87933,9,32.9729,32.9689,26.501741,26.498495,0.2638,NA,-0.7519,50.623,NA,182.529,NA,-0.7517,52,NA,NA,NA,NA,NA,"skq202115sc015",58.4,2.599,0.51,15.5,8.32,NA,NA,NA,NA,NA,"015",15,12,"4.2315","50.942","184.096","32.9813","32.9774",26.5117,26.5089,"0.3313","-0.8393","-0.8479",NA,"30.584","68.01316666666666","-167.87933333333334","2021-11-12T09:39:57Z","SKQ202115Sc015_btl","015_btl",15
"E1093.SKQ2021",1,1,FALSE,"SKQ2021","SKQ21 EcoFOCI DBO",15,20,"Niskin; Sterivex 0.22µm filter","95% EtOH","DBO3.5",10.2,1000,"Matt Galaska",NA,"2021/11/12 09:37:00",68.013,-167.885333333333,"2021/11/12 09:39:57","11/12/21","0:37","167˚ 53.12' W","68˚ 0.78' N","degrees minutes seconds","Chukchi Sea","2021-11-12T09:39:57Z",10,68.01317,-167.87933,NA,30.4355,30.4351,24.468372,24.468063,0.3264,NA,-1.6605,95.679,NA,360.648,NA,-1.6616,52,NA,NA,NA,NA,NA,"skq202115sc015",NA,NA,NA,NA,NA,NA,NA,NA,NA,NA,"015",15,20,"8.1761","94.711","356.369","30.6313","30.6248",24.6272,24.622,"0.3324","-1.6523","-1.6541",NA,"10.211","68.01316666666666","-167.87933333333334","2021-11-12T09:39:57Z","SKQ202115Sc015_btl","015_btl",15
"E1094.SKQ2021",1,1,FALSE,"SKQ2021","SKQ21 EcoFOCI DBO",16,4,"Niskin; Sterivex 0.22µm filter","95% EtOH","DBO3.6",52.7,1000,"Matt Galaska",NA,"2021/11/12 12:56:00",68.8833333333333,-167.216666666667,"2021/11/12 12:57:06","11/12/21","3:56","167˚ 13' W","68˚ 53.00' N","degrees minutes seconds","Chukchi Sea","2021-11-12T12:57:06Z",53,67.90134,-168.23633,1,32.9502,32.9424,26.437235,26.431393,0.3184,NA,0.29,22.208,NA,77.929,NA,0.2813,57,NA,NA,NA,NA,NA,"skq202115sc016",93,2.619,1.04,15.1,13.33,NA,NA,NA,NA,NA,"016",16,4,"1.7926","22.212","77.994","32.9598","32.9519",26.4465,26.4402,"0.3376","0.2608","0.2597",NA,"52.693","67.90133333333333","-168.23633333333333","2021-11-12T12:57:06Z","SKQ202115Sc016_btl","016_btl",16
"E1095.SKQ2021",1,1,FALSE,"SKQ2021","SKQ21 EcoFOCI DBO",16,12,"Niskin; Sterivex 0.22µm filter","95% EtOH","DBO3.6",30.3,1000,"Matt Galaska",NA,"2021/11/12 12:56:00",68.8833333333333,-167.216666666667,"2021/11/12 12:57:06","11/12/21","3:56","167˚ 13' W","68˚ 53.00' N","degrees minutes seconds","Chukchi Sea","2021-11-12T12:57:06Z",30,67.90134,-168.23633,9,32.855,32.8383,26.331417,26.317972,0.1426,NA,0.8208,21.124,NA,73.164,NA,0.821,57,NA,NA,NA,NA,NA,"skq202115sc016",97.8,2.57,1.14,15.4,13.23,NA,NA,NA,NA,NA,"016",16,12,"1.6073","20.142","69.939","32.8549","32.8505",26.3369,26.3333,"0.2236","0.723","0.7247",NA,"30.267","67.90133333333333","-168.23633333333333","2021-11-12T12:57:06Z","SKQ202115Sc016_btl","016_btl",16
"E1096.SKQ2021",1,1,FALSE,"SKQ2021","SKQ21 EcoFOCI DBO",16,20,"Niskin; Sterivex 0.22µm filter","95% EtOH","DBO3.6",10.3,1000,"Matt Galaska",NA,"2021/11/12 12:56:00",68.8833333333333,-167.216666666667,"2021/11/12 12:57:06","11/12/21","3:56","167˚ 13' W","68˚ 53.00' N","degrees minutes seconds","Chukchi Sea","2021-11-12T12:57:06Z",10,67.90134,-168.23633,17,30.5901,30.5709,24.592676,24.577114,0.2125,NA,-1.5845,94.826,NA,356.261,NA,-1.586,57,NA,NA,NA,NA,NA,"skq202115sc016",19.6,1.09,0.28,3.2,2.79,NA,NA,NA,NA,NA,"016",16,20,"8.1761","95.044","356.382","30.5944","30.5883",24.5949,24.5899,"0.255","-1.5132","-1.5127",NA,"10.297","67.90133333333333","-168.23633333333333","2021-11-12T12:57:06Z","SKQ202115Sc016_btl","016_btl",16
"E1097.SKQ2021",1,1,FALSE,"SKQ2021","SKQ21 EcoFOCI DBO",17,4,"Niskin; Sterivex 0.22µm filter","95% EtOH","DBO3.7",45,1000,"Matt Galaska",NA,"2021/11/12 15:39:00",67.7828333333333,-168.594966666667,"2021/11/12 15:38:01","11/12/21","6:39","168˚ 35.698' W","67˚ 46.97' N","degrees minutes seconds","Chukchi Sea","2021-11-12T15:38:01Z",45,67.783,-168.59517,1,33.1601,33.1544,26.645817,26.641254,0.3127,NA,-0.5607,31.843,NA,114.066,NA,-0.5619,50,NA,NA,NA,NA,NA,"skq202115sc017",60.8,2.417,1.19,12.7,12.33,NA,NA,NA,NA,NA,"017",17,4,"2.615","31.756","113.756","33.1592","33.1541",26.6451,26.641,"0.3066","-0.5604","-0.5615",NA,"45.086","67.783","-168.59516666666667","2021-11-12T15:38:01Z","SKQ202115Sc017_btl","017_btl",17
"E1098.SKQ2021",1,1,FALSE,"SKQ2021","SKQ21 EcoFOCI DBO",17,12,"Niskin; Sterivex 0.22µm filter","95% EtOH","DBO3.7",30,1000,"Matt Galaska",NA,"2021/11/12 15:39:00",67.7828333333333,-168.594966666667,"2021/11/12 15:38:01","11/12/21","6:39","168˚ 35.698' W","67˚ 46.97' N","degrees minutes seconds","Chukchi Sea","2021-11-12T15:38:01Z",30,67.783,-168.59517,9,32.8871,32.8806,26.357227,26.352203,0.1691,NA,0.821,30.242,NA,104.719,NA,0.8175,50,NA,NA,NA,NA,NA,"skq202115sc017",77.7,2.603,0.74,16.7,11.26,NA,NA,NA,NA,NA,"017",17,12,"2.2799","28.647","99.204","32.8894","32.8862",26.3593,26.3564,"0.184","0.8178","0.8232",NA,"30.395","67.783","-168.59516666666667","2021-11-12T15:38:01Z","SKQ202115Sc017_btl","017_btl",17
"E1099.SKQ2021",1,1,FALSE,"SKQ2021","SKQ21 EcoFOCI DBO",17,20,"Niskin; Sterivex 0.22µm filter","95% EtOH","DBO3.7",10,1000,"Matt Galaska",NA,"2021/11/12 15:39:00",67.7828333333333,-168.594966666667,"2021/11/12 15:38:01","11/12/21","6:39","168˚ 35.698' W","67˚ 46.97' N","degrees minutes seconds","Chukchi Sea","2021-11-12T15:38:01Z",10,67.783,-168.59517,17,30.6864,30.6754,24.662867,24.653994,0.2684,NA,-1.1895,92.689,NA,344.269,NA,-1.1913,50,NA,NA,NA,NA,NA,"skq202115sc017",24.1,1.218,0.23,5.3,3.53,NA,NA,NA,NA,NA,"017",17,20,"7.8748","92.246","343.221","30.697","30.6912",24.673,24.6683,"0.3376","-1.2567","-1.2577",NA,"10.216","67.783","-168.59516666666667","2021-11-12T15:38:01Z","SKQ202115Sc017_btl","017_btl",17
"MID.NC.SKQ2021",1,1,TRUE,"SKQ2021","SKQ21 EcoFOCI DBO",NA,NA,"Sterivex 0.22µm filter","95% EtOH",NA,NA,NA,NA,NA,"2021/11/14 00:00:00",NA,NA,NA,"11/14/21",NA,NA,NA,NA,NA,NA,NA,NA,NA,NA,NA,NA,NA,NA,NA,NA,NA,NA,NA,NA,NA,NA,NA,NA,NA,NA,NA,NA,NA,NA,NA,NA,NA,NA,NA,NA,NA,NA,NA,NA,NA,NA,NA,NA,NA,NA,NA,NA,NA,NA,NA,NA,NA,NA,NA,NA,NA,NA,NA,NA
"E1100.SKQ2021",1,1,FALSE,"SKQ2021","SKQ21 EcoFOCI DBO",18,2,"Niskin; Sterivex 0.22µm filter","95% EtOH","M8",68.4,1000,"Matt Galaska",NA,"2021/11/14 09:51:00",62.2013333333333,-174.68,"2021/11/14 09:53:49","11/14/21","0:51","174˚ 40.80' W","62˚ 12.08' N","degrees minutes seconds","Bering Sea","2021-11-14T09:53:49Z",68,62.201332,-174.68,NA,32.503,32.4978,25.988071,25.983912,0.3405,NA,1.7675,89.143,NA,302.204,NA,1.7674,73,NA,NA,NA,NA,NA,"skq202115sc018",NA,NA,NA,NA,NA,NA,NA,NA,NA,NA,"018",18,2,"6.937","89.08","301.959","32.5031","32.4988",25.9879,25.9845,"0.4356","1.7712","1.7707",NA,"68.443","62.20133333333333","-174.68","2021-11-14T09:53:49Z","SKQ202115Sc018_btl","018_btl",18
"E1101.SKQ2021",1,1,FALSE,"SKQ2021","SKQ21 EcoFOCI DBO",18,11,"Niskin; Sterivex 0.22µm filter","95% EtOH","M8",31.1,1000,"Matt Galaska",NA,"2021/11/14 09:51:00",62.2013333333333,-174.68,"2021/11/14 09:53:49","11/14/21","0:51","174˚ 40.80' W","62˚ 12.08' N","degrees minutes seconds","Bering Sea","2021-11-14T09:53:49Z",31,62.201332,-174.68,NA,32.4883,32.4818,25.973248,25.968088,0.3864,NA,1.8109,89.971,NA,304.713,NA,1.8102,73,NA,NA,NA,NA,NA,"skq202115sc018",NA,NA,NA,NA,NA,NA,NA,NA,NA,NA,"018",18,11,"7.0219","90.168","305.657","32.4839","32.4807",25.9722,25.969,"0.4006","1.7756","1.7844",NA,"30.806","62.20133333333333","-174.68","2021-11-14T09:53:49Z","SKQ202115Sc018_btl","018_btl",18
"E1102.SKQ2021",1,1,FALSE,"SKQ2021","SKQ21 EcoFOCI DBO",18,17,"Niskin; Sterivex 0.22µm filter","95% EtOH","M8",10,1000,"Matt Galaska",NA,"2021/11/14 09:51:00",62.2013333333333,-174.68,"2021/11/14 09:53:49","11/14/21","0:51","174˚ 40.80' W","62˚ 12.08' N","degrees minutes seconds","Bering Sea","2021-11-14T09:53:49Z",10,62.201332,-174.68,16,32.4281,32.4205,25.948563,25.942537,0.5306,NA,1.4641,92,NA,314.483,NA,1.463,73,NA,NA,NA,NA,NA,"skq202115sc018",27.9,1.51,0.09,10.9,1.57,NA,NA,NA,NA,NA,"018",18,17,"7.2551","92.324","315.821","32.4203","32.4168",25.9441,25.9413,"0.5766","1.4375","1.4362",NA,"10.142","62.20133333333333","-174.68","2021-11-14T09:53:49Z","SKQ202115Sc018_btl","018_btl",18
"E1103.SKQ2021",1,1,FALSE,"SKQ2021","SKQ21 EcoFOCI DBO",19,3,"Niskin; Sterivex 0.22µm filter","95% EtOH","DBO1.1",73.9,1000,"Matt Galaska",NA,"2021/11/14 12:06:00",62,-175.066666666667,"2021/11/14 12:08:40","11/14/21","3:06","175˚ 04' W","62˚ 0.00' N","degrees minutes seconds","Bering Sea","2021-11-14T12:08:40Z",74,62.0115,-175.06017,1,32.6989,32.6954,26.12603,26.123331,0.2092,NA,2.0315,86.574,NA,291.111,NA,2.0301,79,NA,NA,NA,NA,NA,"skq202115sc019",38.1,1.834,0.09,19.1,0.15,NA,NA,NA,NA,NA,"019",19,3,"6.6439","85.994","289.161","32.6984","32.6952",26.1257,26.1232,"0.1938","2.031","2.0295",NA,"73.516","62.0115","-175.06016666666667","2021-11-14T12:08:40Z","SKQ202115Sc019_btl","019_btl",19
"E1104.SKQ2021",1,1,FALSE,"SKQ2021","SKQ21 EcoFOCI DBO",19,12,"Niskin; Sterivex 0.22µm filter","95% EtOH","DBO1.1",30.3,1000,"Matt Galaska",NA,"2021/11/14 12:06:00",62,-175.066666666667,"2021/11/14 12:08:40","11/14/21","3:06","175˚ 04' W","62˚ 0.00' N","degrees minutes seconds","Bering Sea","2021-11-14T12:08:40Z",30,62.0115,-175.06017,NA,32.6597,32.6556,26.094376,26.091167,0.3034,NA,2.0351,88.998,NA,299.322,NA,2.0341,79,NA,NA,NA,NA,NA,"skq202115sc019",NA,NA,NA,NA,NA,NA,NA,NA,NA,NA,"019",19,12,"6.7777","87.778","294.995","32.6643","32.66",26.096,26.0929,"0.2602","2.0633","2.0595",NA,"30.066","62.0115","-175.06016666666667","2021-11-14T12:08:40Z","SKQ202115Sc019_btl","019_btl",19
"E1105.SKQ2021",1,1,FALSE,"SKQ2021","SKQ21 EcoFOCI DBO",19,18,"Niskin; Sterivex 0.22µm filter","95% EtOH","DBO1.1",9.8,1000,"Matt Galaska",NA,"2021/11/14 12:06:00",62,-175.066666666667,"2021/11/14 12:08:40","11/14/21","3:06","175˚ 04' W","62˚ 0.00' N","degrees minutes seconds","Bering Sea","2021-11-14T12:08:40Z",10,62.0115,-175.06017,NA,32.6578,32.6531,26.092958,26.089321,0.3168,NA,2.0337,89.614,NA,301.411,NA,2.032,79,NA,NA,NA,NA,NA,"skq202115sc019",NA,NA,NA,NA,NA,NA,NA,NA,NA,NA,"019",19,18,"6.9167","89.506","301.044","32.6553","32.6522",26.0909,26.0885,"0.2923","2.0344","2.0333",NA,"9.516","62.0115","-175.06016666666667","2021-11-14T12:08:40Z","SKQ202115Sc019_btl","019_btl",19
"E1106.SKQ2021",1,1,FALSE,"SKQ2021","SKQ21 EcoFOCI DBO",20,3,"Niskin; Sterivex 0.22µm filter","95% EtOH","DBO1.2",75.9,1000,"Matt Galaska",NA,"2021/11/14 14:06:00",62.0492833333333,-175.208633333333,"2021/11/14 14:08:01","11/14/21","5:06","175˚ 12.518' W","62˚ 2.957' N","degrees minutes seconds","Bering Sea","2021-11-14T14:08:01Z",76,62.048832,-175.209,1,32.7249,32.7189,26.153605,26.148922,0.222,NA,1.9394,86.325,NA,290.887,NA,1.9377,80,NA,NA,NA,NA,NA,"skq202115sc020",39.4,1.908,0.05,20.5,0.11,NA,NA,NA,NA,NA,"020",20,3,"6.6699","86.147","290.284","32.7244","32.719",26.1532,26.149,"0.2459","1.9396","1.9381",NA,"75.439","62.048833333333334","-175.209","2021-11-14T14:08:01Z","SKQ202115Sc020_btl","020_btl",20
"E1107.SKQ2021",1,1,FALSE,"SKQ2021","SKQ21 EcoFOCI DBO",20,12,"Niskin; Sterivex 0.22µm filter","95% EtOH","DBO1.2",30.8,1000,"Matt Galaska",NA,"2021/11/14 14:06:00",62.0492833333333,-175.208633333333,"2021/11/14 14:08:01","11/14/21","5:06","175˚ 12.518' W","62˚ 2.957' N","degrees minutes seconds","Bering Sea","2021-11-14T14:08:01Z",31,62.048832,-175.209,NA,32.713,32.7038,26.141447,26.13421,0.2539,NA,1.9754,87.095,NA,293.242,NA,1.9736,80,NA,NA,NA,NA,NA,"skq202115sc020",NA,NA,NA,NA,NA,NA,NA,NA,NA,NA,"020",20,12,"6.6621","86.134","289.951","32.7125","32.7091",26.1406,26.138,"0.2447","1.9826","1.9805",NA,"30.462","62.048833333333334","-175.209","2021-11-14T14:08:01Z","SKQ202115Sc020_btl","020_btl",20
"E1108.SKQ2021",1,1,FALSE,"SKQ2021","SKQ21 EcoFOCI DBO",20,18,"Niskin; Sterivex 0.22µm filter","95% EtOH","DBO1.2",10,1000,"Matt Galaska",NA,"2021/11/14 14:06:00",62.0492833333333,-175.208633333333,"2021/11/14 14:08:01","11/14/21","5:06","175˚ 12.518' W","62˚ 2.957' N","degrees minutes seconds","Bering Sea","2021-11-14T14:08:01Z",10,62.048832,-175.209,16,32.7143,32.7038,26.142641,26.13437,0.2358,NA,1.9733,86.984,NA,292.883,NA,1.9714,80,NA,NA,NA,NA,NA,"skq202115sc020",37.9,1.889,0.04,20.1,0.1,NA,NA,NA,NA,NA,"020",20,18,"6.7195","86.902","292.448","32.7087","32.7057",26.1365,26.1342,"0.2487","1.9962","1.9952",NA,"9.925","62.048833333333334","-175.209","2021-11-14T14:08:01Z","SKQ202115Sc020_btl","020_btl",20
"E1109.SKQ2021",1,1,FALSE,"SKQ2021","SKQ21 EcoFOCI DBO",21,3,"Niskin; Sterivex 0.22µm filter","95% EtOH","DBO1.3",69.7,1000,"Matt Galaska",NA,"2021/11/14 17:01:00",62.22,-174.877833333333,"2021/11/14 17:01:40","11/14/21","8:01","174˚ 52.67' W","62˚ 13.2' N","degrees minutes seconds","Bering Sea","2021-11-14T17:01:40Z",70,62.220165,-174.878,1,32.6534,32.6501,26.094181,26.09162,0.2274,NA,1.969,85.586,NA,288.34,NA,1.9679,75,NA,NA,NA,NA,NA,"skq202115sc021",36.8,1.779,0.1,17.5,0.42,NA,NA,NA,NA,NA,"021",21,3,"6.6336","85.707","288.724","32.6526","32.6491",26.0933,26.0906,"0.2379","1.9721","1.9709",NA,"70.053","62.220166666666664","-174.878","2021-11-14T17:01:40Z","SKQ202115Sc021_btl","021_btl",21
"E1110.SKQ2021",1,1,FALSE,"SKQ2021","SKQ21 EcoFOCI DBO",21,12,"Niskin; Sterivex 0.22µm filter","95% EtOH","DBO1.3",30.5,1000,"Matt Galaska",NA,"2021/11/14 17:01:00",62.22,-174.877833333333,"2021/11/14 17:01:40","11/14/21","8:01","174˚ 52.67' W","62˚ 13.2' N","degrees minutes seconds","Bering Sea","2021-11-14T17:01:40Z",30,62.220165,-174.878,10,32.5505,32.5456,26.028011,26.024197,0.4331,NA,1.7407,92.012,NA,312.029,NA,1.7391,75,NA,NA,NA,NA,NA,"skq202115sc021",24.8,1.427,0.06,10.3,0.53,NA,NA,NA,NA,NA,"021",21,12,"7.1523","91.866","311.319","32.5588","32.5558",26.033,26.0307,"0.4488","1.7651","1.764",NA,"30.528","62.220166666666664","-174.878","2021-11-14T17:01:40Z","SKQ202115Sc021_btl","021_btl",21
"E1111.SKQ2021",1,1,FALSE,"SKQ2021","SKQ21 EcoFOCI DBO",21,18,"Niskin; Sterivex 0.22µm filter","95% EtOH","DBO1.3",9.9,1000,"Matt Galaska",NA,"2021/11/14 17:01:00",62.22,-174.877833333333,"2021/11/14 17:01:40","11/14/21","8:01","174˚ 52.67' W","62˚ 13.2' N","degrees minutes seconds","Bering Sea","2021-11-14T17:01:40Z",10,62.220165,-174.878,16,32.5418,32.536,26.022879,26.018396,0.4169,NA,1.7142,92.081,NA,312.492,NA,1.7118,75,NA,NA,NA,NA,NA,"skq202115sc021",27.2,1.507,0.08,11.6,0.67,NA,NA,NA,NA,NA,"021",21,18,"7.1709","91.967","312.132","32.5381","32.5347",26.0201,26.0175,"0.4556","1.7116","1.7094",NA,"10.258","62.220166666666664","-174.878","2021-11-14T17:01:40Z","SKQ202115Sc021_btl","021_btl",21
"E1112.SKQ2021",1,1,FALSE,"SKQ2021","SKQ21 EcoFOCI DBO",22,3,"Niskin; Sterivex 0.22µm filter","95% EtOH","DBO1.4",65.4,1000,"Matt Galaska",NA,"2021/11/14 18:58:00",62.3903333333333,-174.5716,"2021/11/14 19:01:37","11/14/21","9:58","174˚ 34.296' W","62˚ 23.42' N","degrees minutes seconds","Bering Sea","2021-11-14T19:01:37Z",65,62.390335,-174.57167,1,32.6702,32.6664,26.148674,26.145708,0.1691,NA,1.3751,65.006,NA,222.299,NA,1.3738,70,NA,NA,NA,NA,NA,"skq202115sc022",61.7,2.583,0.07,26,0.57,NA,NA,NA,NA,NA,"022",22,3,"5.0773","64.615","220.973","32.6708","32.6677",26.1493,26.1469,"0.1915","1.3724","1.3711",NA,"65.783","62.39033333333333","-174.57166666666666","2021-11-14T19:01:37Z","SKQ202115Sc022_btl","022_btl",22
"E1113.SKQ2021",1,1,FALSE,"SKQ2021","SKQ21 EcoFOCI DBO",22,12,"Niskin; Sterivex 0.22µm filter","95% EtOH","DBO1.4",30.3,1000,"Matt Galaska",NA,"2021/11/14 18:58:00",62.3903333333333,-174.5716,"2021/11/14 19:01:37","11/14/21","9:58","174˚ 34.296' W","62˚ 23.42' N","degrees minutes seconds","Bering Sea","2021-11-14T19:01:37Z",30,62.390335,-174.57167,NA,32.2786,32.2728,25.867325,25.862831,0.6193,NA,0.8289,92.121,NA,320.431,NA,0.8259,70,NA,NA,NA,NA,NA,"skq202115sc022",NA,NA,NA,NA,NA,NA,NA,NA,NA,NA,"022",22,12,"7.3456","91.955","319.783","32.2788","32.1267",25.867,25.7448,"0.7542","0.8372","0.8351",NA,"30.456","62.39033333333333","-174.57166666666666","2021-11-14T19:01:37Z","SKQ202115Sc022_btl","022_btl",22
"E1114.SKQ2021",1,1,FALSE,"SKQ2021","SKQ21 EcoFOCI DBO",22,18,"Niskin; Sterivex 0.22µm filter","95% EtOH","DBO1.4",10.2,1000,"Matt Galaska",NA,"2021/11/14 18:58:00",62.3903333333333,-174.5716,"2021/11/14 19:01:37","11/14/21","9:58","174˚ 34.296' W","62˚ 23.42' N","degrees minutes seconds","Bering Sea","2021-11-14T19:01:37Z",10,62.390335,-174.57167,16,32.2777,32.2722,25.866755,25.862398,0.6489,NA,0.8262,92.101,NA,320.386,NA,0.825,70,NA,NA,NA,NA,NA,"skq202115sc022",30.4,1.733,0.09,11.3,3.46,NA,NA,NA,NA,NA,"022",22,18,"7.3642","92.127","320.595","32.2735","32.1256",25.8641,25.7451,"0.7634","0.8128","0.8145",NA,"10.146","62.39033333333333","-174.57166666666666","2021-11-14T19:01:37Z","SKQ202115Sc022_btl","022_btl",22
"E1115.SKQ2021",1,1,FALSE,"SKQ2021","SKQ21 EcoFOCI DBO",23,3,"Niskin; Sterivex 0.22µm filter","95% EtOH","DBO1.5",62.6,1000,"Matt Galaska",NA,"2021/11/14 22:19:00",62.4683333333333,-174.0845,"2021/11/14 22:16:55","11/14/21","13:19","174˚ 5.07' W","62˚ 28.1' N","degrees minutes seconds","Bering Sea","2021-11-14T22:16:55Z",63,62.468334,-174.08484,1,32.5894,32.5853,26.117498,26.114283,0.2021,NA,0.8255,62.822,NA,218.012,NA,0.8241,67,NA,NA,NA,NA,NA,"skq202115sc023",58.1,2.645,0.14,21.4,4.12,NA,NA,NA,NA,NA,"023",23,3,"5.0012","62.723","217.667","32.5893","32.5853",26.1174,26.1142,"0.1926","0.8258","0.8245",NA,"62.576","62.468333333333334","-174.08483333333334","2021-11-14T22:16:55Z","SKQ202115Sc023_btl","023_btl",23
"E1116.SKQ2021",1,1,FALSE,"SKQ2021","SKQ21 EcoFOCI DBO",23,12,"Niskin; Sterivex 0.22µm filter","95% EtOH","DBO1.5",29.5,1000,"Matt Galaska",NA,"2021/11/14 22:19:00",62.4683333333333,-174.0845,"2021/11/14 22:16:55","11/14/21","13:19","174˚ 5.07' W","62˚ 28.1' N","degrees minutes seconds","Bering Sea","2021-11-14T22:16:55Z",30,62.468334,-174.08484,10,32.1409,32.1358,25.754057,25.749956,0.7926,NA,0.8735,92.96,NA,323.323,NA,0.8735,67,NA,NA,NA,NA,NA,"skq202115sc023",25.5,1.599,0.16,8.3,3.79,NA,NA,NA,NA,NA,"023",23,12,"7.3876","92.503","321.679","32.0059","32.1511",25.6429,25.7598,"0.7646","0.9204","0.9174",NA,"29.347","62.468333333333334","-174.08483333333334","2021-11-14T22:16:55Z","SKQ202115Sc023_btl","023_btl",23
"E1117.SKQ2021",1,1,FALSE,"SKQ2021","SKQ21 EcoFOCI DBO",23,18,"Niskin; Sterivex 0.22µm filter","95% EtOH","DBO1.5",9.8,1000,"Matt Galaska",NA,"2021/11/14 22:19:00",62.4683333333333,-174.0845,"2021/11/14 22:16:55","11/14/21","13:19","174˚ 5.07' W","62˚ 28.1' N","degrees minutes seconds","Bering Sea","2021-11-14T22:16:55Z",10,62.468334,-174.08484,16,32.1408,32.1347,25.754272,25.749453,0.8054,NA,0.8683,93.056,NA,323.7,NA,0.8668,67,NA,NA,NA,NA,NA,"skq202115sc023",25.7,1.599,0.16,8.2,3.77,NA,NA,NA,NA,NA,"023",23,18,"7.3993","92.555","322.217","31.8985","32.1447",25.5571,25.7551,"0.8402","0.9095","0.9091",NA,"9.903","62.468333333333334","-174.08483333333334","2021-11-14T22:16:55Z","SKQ202115Sc023_btl","023_btl",23
"E1118.SKQ2021",1,1,FALSE,"SKQ2021","SKQ21 EcoFOCI DBO",24,3,"Niskin; Sterivex 0.22µm filter","95% EtOH","DBO1.6",60.2,1000,"Matt Galaska",NA,"2021/11/15 00:00:00",62.5605,-173.55045,"2021/11/15 00:37:00","11/14/21","15:00","173˚ 33.027' W","62˚ 33.63' N","degrees minutes seconds","Bering Sea","2021-11-15T00:37:00Z",60,62.560665,-173.55017,NA,32.3847,32.3795,25.98429,25.980179,0.2324,NA,0.2316,64.241,NA,226.754,NA,0.2299,66,NA,NA,NA,NA,NA,"skq202115sc024",NA,NA,NA,NA,NA,NA,NA,NA,NA,NA,"024",24,3,"5.203","64.165","226.48","32.3856","32.3811",25.985,25.9814,"0.2236","0.2321","0.2305",NA,"60.405","62.56066666666667","-173.55016666666666","2021-11-15T00:37:00Z","SKQ202115Sc024_btl","024_btl",24
"E1119.SKQ2021",1,1,FALSE,"SKQ2021","SKQ21 EcoFOCI DBO",24,12,"Niskin; Sterivex 0.22µm filter","95% EtOH","DBO1.6",30.6,1000,"Matt Galaska",NA,"2021/11/15 00:00:00",62.5605,-173.55045,"2021/11/15 00:37:00","11/14/21","15:00","173˚ 33.027' W","62˚ 33.63' N","degrees minutes seconds","Bering Sea","2021-11-15T00:37:00Z",31,62.560665,-173.55017,NA,31.9348,31.9264,25.59897,25.592335,0.8135,NA,0.6798,93.415,NA,327.056,NA,0.6775,66,NA,NA,NA,NA,NA,"skq202115sc024",NA,NA,NA,NA,NA,NA,NA,NA,NA,NA,"024",24,12,"7.399","92.283","322.187","31.9637","31.9604",25.6168,25.6142,"0.7308","0.7794","0.778",NA,"30.635","62.56066666666667","-173.55016666666666","2021-11-15T00:37:00Z","SKQ202115Sc024_btl","024_btl",24
"E1120.SKQ2021",1,1,FALSE,"SKQ2021","SKQ21 EcoFOCI DBO",24,18,"Niskin; Sterivex 0.22µm filter","95% EtOH","DBO1.6",10.9,1000,"Matt Galaska",NA,"2021/11/15 00:00:00",62.5605,-173.55045,"2021/11/15 00:37:00","11/14/21","15:00","173˚ 33.027' W","62˚ 33.63' N","degrees minutes seconds","Bering Sea","2021-11-15T00:37:00Z",11,62.560665,-173.55017,16,31.8813,31.8748,25.557528,25.552372,0.8286,NA,0.6496,93.981,NA,329.432,NA,0.6482,66,NA,NA,NA,NA,NA,"skq202115sc024",18.8,1.395,0.27,5.5,3.53,NA,NA,NA,NA,NA,"024",24,18,"7.5663","93.986","329.49","31.8792","31.8755",25.556,25.5532,"0.8678","0.6453","0.6439",NA,"10.658","62.56066666666667","-173.55016666666666","2021-11-15T00:37:00Z","SKQ202115Sc024_btl","024_btl",24
"E1121.SKQ2021",1,1,FALSE,"SKQ2021","SKQ21 EcoFOCI DBO",25,3,"Niskin; Sterivex 0.22µm filter","95% EtOH","DBO1.7",65.6,1000,"Matt Galaska",NA,"2021/11/15 03:51:00",62.7875,-173.500416666667,"2021/11/15 03:53:15","11/14/21","18:51","173˚ 30.025' W","62˚ 47.25' N","degrees minutes seconds","Bering Sea","2021-11-15T03:53:15Z",66,62.7875,-173.5005,NA,32.2995,32.2946,25.934607,25.930689,0.1975,NA,-0.184,63.675,NA,227.367,NA,-0.1849,69,NA,NA,NA,NA,NA,"skq202115sc025",NA,NA,NA,NA,NA,NA,NA,NA,NA,NA,"025",25,3,"5.2338","63.803","227.833","32.2983","32.2937",25.9337,25.93,"0.2018","-0.1853","-0.1861",NA,"65.577","62.7875","-173.5005","2021-11-15T03:53:15Z","SKQ202115Sc025_btl","025_btl",25
"E1122.SKQ2021",1,1,FALSE,"SKQ2021","SKQ21 EcoFOCI DBO",25,12,"Niskin; Sterivex 0.22µm filter","95% EtOH","DBO1.7",31.2,1000,"Matt Galaska",NA,"2021/11/15 03:51:00",62.7875,-173.500416666667,"2021/11/15 03:53:15","11/14/21","18:51","173˚ 30.025' W","62˚ 47.25' N","degrees minutes seconds","Bering Sea","2021-11-15T03:53:15Z",31,62.7875,-173.5005,10,31.743,31.7348,25.461432,25.455032,0.7216,NA,0.3487,94.292,NA,333.472,NA,0.3444,69,NA,NA,NA,NA,NA,"skq202115sc025",14.1,1.336,0.21,5.3,2.66,NA,NA,NA,NA,NA,"025",25,12,"7.6494","94.193","333.139","31.7393","31.7358",25.4585,25.4557,"0.6855","0.3477","0.3466",NA,"30.73","62.7875","-173.5005","2021-11-15T03:53:15Z","SKQ202115Sc025_btl","025_btl",25
"E1123.SKQ2021",1,1,FALSE,"SKQ2021","SKQ21 EcoFOCI DBO",25,18,"Niskin; Sterivex 0.22µm filter","95% EtOH","DBO1.7",10.9,1000,"Matt Galaska",NA,"2021/11/15 03:51:00",62.7875,-173.500416666667,"2021/11/15 03:53:15","11/14/21","18:51","173˚ 30.025' W","62˚ 47.25' N","degrees minutes seconds","Bering Sea","2021-11-15T03:53:15Z",11,62.7875,-173.5005,NA,31.7348,31.728,25.45653,25.451126,0.7737,NA,0.3133,94.442,NA,334.332,NA,0.3117,69,NA,NA,NA,NA,NA,"skq202115sc025",NA,NA,NA,NA,NA,NA,NA,NA,NA,NA,"025",25,18,"7.6792","94.48","334.441","31.7336","31.73",25.4554,25.4525,"0.7875","0.3166","0.3161",NA,"10.64","62.7875","-173.5005","2021-11-15T03:53:15Z","SKQ202115Sc025_btl","025_btl",25
"E1124.SKQ2021",1,1,FALSE,"SKQ2021","SKQ21 EcoFOCI DBO",26,3,"Niskin; Sterivex 0.22µm filter","95% EtOH","DBO1.8",64.9,1000,"Matt Galaska",NA,"2021/11/15 05:50:00",63.0301666666667,-173.461,"2021/11/15 05:52:47","11/14/21","20:50","173˚ 27.66' W","63˚ 1.81' N","degrees minutes seconds","Bering Sea","2021-11-15T05:52:47Z",65,63.030167,-173.46117,1,32.5505,32.5464,26.128445,26.12519,0.1729,NA,0.0126,61.466,NA,217.922,NA,0.0114,72,NA,NA,NA,NA,NA,"skq202115sc026",56.6,2.618,0.24,19.9,4.85,NA,NA,NA,NA,NA,"026",26,3,"4.9929","61.291","217.303","32.5501","32.5462",26.1281,26.1251,"0.1903","0.0124","0.0112",NA,"64.517","63.030166666666666","-173.46116666666666","2021-11-15T05:52:47Z","SKQ202115Sc026_btl","026_btl",26
"E1125.SKQ2021",1,1,FALSE,"SKQ2021","SKQ21 EcoFOCI DBO",26,12,"Niskin; Sterivex 0.22µm filter","95% EtOH","DBO1.8",30.4,1000,"Matt Galaska",NA,"2021/11/15 05:50:00",63.0301666666667,-173.461,"2021/11/15 05:52:47","11/14/21","20:50","173˚ 27.66' W","63˚ 1.81' N","degrees minutes seconds","Bering Sea","2021-11-15T05:52:47Z",30,63.030167,-173.46117,NA,31.7134,31.7073,25.428856,25.42398,0.1918,NA,0.5248,94.109,NA,331.381,NA,0.5241,72,NA,NA,NA,NA,NA,"skq202115sc026",NA,NA,NA,NA,NA,NA,NA,NA,NA,NA,"026",26,12,"7.64","94.414","332.742","31.702","31.6981",25.4212,25.4182,"0.2385","0.4946","0.4922",NA,"30.277","63.030166666666666","-173.46116666666666","2021-11-15T05:52:47Z","SKQ202115Sc026_btl","026_btl",26
"E1126.SKQ2021",1,1,FALSE,"SKQ2021","SKQ21 EcoFOCI DBO",26,18,"Niskin; Sterivex 0.22µm filter","95% EtOH","DBO1.8",10.8,1000,"Matt Galaska",NA,"2021/11/15 05:50:00",63.0301666666667,-173.461,"2021/11/15 05:52:47","11/14/21","20:50","173˚ 27.66' W","63˚ 1.81' N","degrees minutes seconds","Bering Sea","2021-11-15T05:52:47Z",11,63.030167,-173.46117,16,31.6969,31.6917,25.418156,25.414053,0.2369,NA,0.4735,94.617,NA,333.657,NA,0.4718,72,NA,NA,NA,NA,NA,"skq202115sc026",11.8,1.151,0.1,4.5,1.81,NA,NA,NA,NA,NA,"026",26,18,"7.654","94.527","333.355","31.6958","31.6922",25.4173,25.4145,"0.2453","0.472","0.47",NA,"10.547","63.030166666666666","-173.46116666666666","2021-11-15T05:52:47Z","SKQ202115Sc026_btl","026_btl",26
"E1127.SKQ2021",1,1,FALSE,"SKQ2021","SKQ21 EcoFOCI DBO",27,3,"Niskin; Sterivex 0.22µm filter","95% EtOH","DBO1.9",60.9,1000,"Matt Galaska",NA,"2021/11/15 09:34:00",63.2783333333333,-173.281,"2021/11/15 09:34:19","11/15/21","0:34","173˚ 16.86' W","63˚ 16.7' N","degrees minutes seconds","Bering Sea","2021-11-15T09:34:19Z",61,63.279667,-173.281,NA,32.6172,32.6078,26.158173,26.150404,0.1544,NA,0.4953,67.59,NA,236.517,NA,0.499,70,NA,NA,NA,NA,NA,"skq202115sc027",NA,NA,NA,NA,NA,NA,NA,NA,NA,NA,"027",27,3,"5.3672","66.745","233.587","32.6294","32.6256",26.1684,26.1655,"0.1852","0.487","0.4858",NA,"59.981","63.279666666666664","-173.281","2021-11-15T09:34:19Z","SKQ202115Sc027_btl","027_btl",27
"E1128.SKQ2021",1,1,FALSE,"SKQ2021","SKQ21 EcoFOCI DBO",27,12,"Niskin; Sterivex 0.22µm filter","95% EtOH","DBO1.9",30.6,1000,"Matt Galaska",NA,"2021/11/15 09:34:00",63.2783333333333,-173.281,"2021/11/15 09:34:19","11/15/21","0:34","173˚ 16.86' W","63˚ 16.7' N","degrees minutes seconds","Bering Sea","2021-11-15T09:34:19Z",31,63.279667,-173.281,NA,31.7169,31.7112,25.430037,25.425465,0.2819,NA,0.5569,94.044,NA,330.867,NA,0.5566,70,NA,NA,NA,NA,NA,"skq202115sc027",NA,NA,NA,NA,NA,NA,NA,NA,NA,NA,"027",27,12,"7.5877","93.93","330.465","31.7153","31.709",25.4287,25.4242,"0.2447","0.5573","0.5467",NA,"31.139","63.279666666666664","-173.281","2021-11-15T09:34:19Z","SKQ202115Sc027_btl","027_btl",27
"E1129.SKQ2021",1,1,FALSE,"SKQ2021","SKQ21 EcoFOCI DBO",27,18,"Niskin; Sterivex 0.22µm filter","95% EtOH","DBO1.9",10.6,1000,"Matt Galaska",NA,"2021/11/15 09:34:00",63.2783333333333,-173.281,"2021/11/15 09:34:19","11/15/21","0:34","173˚ 16.86' W","63˚ 16.7' N","degrees minutes seconds","Bering Sea","2021-11-15T09:34:19Z",11,63.279667,-173.281,16,31.7031,31.6972,25.421965,25.417318,0.25,NA,0.4971,94.345,NA,332.477,NA,0.495,70,NA,NA,NA,NA,NA,"skq202115sc027",8.5,0.984,0.08,3.1,1.47,NA,NA,NA,NA,NA,"027",27,18,"7.6059","94.041","331.259","31.705","31.7011",25.4227,25.4196,"0.3158","0.5134","0.5118",NA,"10.526","63.279666666666664","-173.281","2021-11-15T09:34:19Z","SKQ202115Sc027_btl","027_btl",27
"E1130.SKQ2021",1,1,FALSE,"SKQ2021","SKQ21 EcoFOCI DBO",28,3,"Niskin; Sterivex 0.22µm filter","95% EtOH","DBO1.10",45.5,1000,"Matt Galaska",NA,"2021/11/15 12:54:00",63.6048333333333,-172.593166666667,"2021/11/15 12:53:28","11/15/21","3:54","172˚ 35.59' W","63˚ 36.29' N","degrees minutes seconds","Bering Sea","2021-11-15T12:53:28Z",46,63.604668,-172.593,1,32.7142,32.7101,26.22198,26.218805,0.1126,NA,0.7543,68.666,NA,238.501,NA,0.7521,53,NA,NA,NA,NA,NA,"skq202115sc028",51.5,2.427,0.26,21,4.48,NA,NA,NA,NA,NA,"028",28,3,"5.4503","68.281","237.189","32.7157","32.7113",26.2235,26.22,"0.133","0.7493","0.7481",NA,"45.053","63.60466666666667","-172.593","2021-11-15T12:53:28Z","SKQ202115Sc028_btl","028_btl",28
"E1131.SKQ2021",1,1,FALSE,"SKQ2021","SKQ21 EcoFOCI DBO",28,9,"Niskin; Sterivex 0.22µm filter","95% EtOH","DBO1.10",29.7,1000,"Matt Galaska",NA,"2021/11/15 12:54:00",63.6048333333333,-172.593166666667,"2021/11/15 12:53:28","11/15/21","3:54","172˚ 35.59' W","63˚ 36.29' N","degrees minutes seconds","Bering Sea","2021-11-15T12:53:28Z",30,63.604668,-172.593,NA,32.0007,31.9965,25.65231,25.649107,0.1238,NA,0.674,93.77,NA,328.18,NA,0.6707,53,NA,NA,NA,NA,NA,"skq202115sc028",NA,NA,NA,NA,NA,NA,NA,NA,NA,NA,"028",28,9,"7.5215","93.618","327.501","32.0244","32.0212",25.6709,25.6683,"0.129","0.684","0.6838",NA,"30.148","63.60466666666667","-172.593","2021-11-15T12:53:28Z","SKQ202115Sc028_btl","028_btl",28
"E1132.SKQ2021",1,1,FALSE,"SKQ2021","SKQ21 EcoFOCI DBO",28,15,"Niskin; Sterivex 0.22µm filter","95% EtOH","DBO1.10",10.5,1000,"Matt Galaska",NA,"2021/11/15 12:54:00",63.6048333333333,-172.593166666667,"2021/11/15 12:53:28","11/15/21","3:54","172˚ 35.59' W","63˚ 36.29' N","degrees minutes seconds","Bering Sea","2021-11-15T12:53:28Z",10,63.604668,-172.593,NA,31.8563,31.8493,25.537018,25.531479,0.2184,NA,0.657,94.456,NA,331.095,NA,0.6552,53,NA,NA,NA,NA,NA,"skq202115sc028",NA,NA,NA,NA,NA,NA,NA,NA,NA,NA,"028",28,15,"7.586","94.224","330.355","31.8573","31.8551",25.5383,25.5366,"0.1903","0.6483","0.6458",NA,"10.279","63.60466666666667","-172.593","2021-11-15T12:53:28Z","SKQ202115Sc028_btl","028_btl",28
"E1133.SKQ2021",1,1,FALSE,"SKQ2021","SKQ21 EcoFOCI DBO",29,3,"Niskin; Sterivex 0.22µm filter","95% EtOH","DBO2.1",42.6,1000,"Matt Galaska",NA,"2021/11/15 21:20:00",64.6701666666667,-169.9187,"2021/11/15 21:21:25","11/15/21","12:20","169˚ 55.122' W","64˚ 40.21' N","degrees minutes seconds","Bering Sea","2021-11-15T21:21:25Z",43,64.670166,-169.92033,1,32.1782,32.1698,25.820946,25.814249,0.2353,NA,0.1661,81.986,NA,290.353,NA,0.1645,47,NA,NA,NA,NA,NA,"skq202115sc029",28.6,1.818,0.17,10.8,3.15,NA,NA,NA,NA,NA,"029",29,3,"6.6892","82.229","291.218","32.1774","32.1703",25.8203,25.8147,"0.2676","0.1656","0.1641",NA,"42.7","64.67016666666666","-169.92033333333333","2021-11-15T21:21:25Z","SKQ202115Sc029_btl","029_btl",29
"E1134.SKQ2021",1,1,FALSE,"SKQ2021","SKQ21 EcoFOCI DBO",29,6,"Niskin; Sterivex 0.22µm filter","95% EtOH","DBO2.1",30.1,1000,"Matt Galaska",NA,"2021/11/15 21:20:00",64.6701666666667,-169.9187,"2021/11/15 21:21:25","11/15/21","12:20","169˚ 55.122' W","64˚ 40.21' N","degrees minutes seconds","Bering Sea","2021-11-15T21:21:25Z",30,64.670166,-169.92033,4,32.1791,32.1678,25.821615,25.812578,0.2812,NA,0.1673,82.368,NA,291.692,NA,0.1657,47,NA,NA,NA,NA,NA,"skq202115sc029",31.6,1.863,0.19,12.9,3.49,NA,NA,NA,NA,NA,"029",29,6,"6.694","82.288","291.431","32.1747","32.1693",25.8182,25.8139,"0.3187","0.1657","0.1643",NA,"30.201","64.67016666666666","-169.92033333333333","2021-11-15T21:21:25Z","SKQ202115Sc029_btl","029_btl",29
"E1135.SKQ2021",1,1,FALSE,"SKQ2021","SKQ21 EcoFOCI DBO",29,12,"Niskin; Sterivex 0.22µm filter","95% EtOH","DBO2.1",10.4,1000,"Matt Galaska",NA,"2021/11/15 21:20:00",64.6701666666667,-169.9187,"2021/11/15 21:21:25","11/15/21","12:20","169˚ 55.122' W","64˚ 40.21' N","degrees minutes seconds","Bering Sea","2021-11-15T21:21:25Z",10,64.670166,-169.92033,10,32.0349,32.021,25.72977,25.718607,0.3495,NA,-0.402,86.258,NA,310.421,NA,-0.4038,47,NA,NA,NA,NA,NA,"skq202115sc029",28.6,1.785,0.18,11.2,3.37,NA,NA,NA,NA,NA,"029",29,12,"7.1196","86.102","309.989","32.0262","32.0219",25.7233,25.7197,"0.3359","-0.4152","-0.414",NA,"10.459","64.67016666666666","-169.92033333333333","2021-11-15T21:21:25Z","SKQ202115Sc029_btl","029_btl",29
"E1136.SKQ2021",1,1,FALSE,"SKQ2021","SKQ21 EcoFOCI DBO",30,3,"Niskin; Sterivex 0.22µm filter","95% EtOH","DBO2.2",40.8,1000,"Matt Galaska",NA,"2021/11/16 00:44:00",64.68,-169.100666666667,"2021/11/16 00:44:10","11/15/21","15:44","169˚ 6.04' W","64˚ 40.8' N","degrees minutes seconds","Bering Sea","2021-11-16T00:44:10Z",41,64.680336,-169.10066,1,32.1849,32.1758,25.863901,25.856585,0.4894,NA,-0.7513,93.65,NA,339.76,NA,-0.7527,44,NA,NA,NA,NA,NA,"skq202115sc030",29.8,1.835,0.16,12.5,3.34,NA,NA,NA,NA,NA,"030",30,3,"7.7829","93.435","338.818","32.1936","32.1859",25.8704,25.8642,"0.5285","-0.736","-0.7367",NA,"40.943","64.68033333333334","-169.10066666666665","2021-11-16T00:44:10Z","SKQ202115Sc030_btl","030_btl",30
"E1137.SKQ2021",1,1,FALSE,"SKQ2021","SKQ21 EcoFOCI DBO",30,6,"Niskin; Sterivex 0.22µm filter","95% EtOH","DBO2.2",30.2,1000,"Matt Galaska",NA,"2021/11/16 00:44:00",64.68,-169.100666666667,"2021/11/16 00:44:10","11/15/21","15:44","169˚ 6.04' W","64˚ 40.8' N","degrees minutes seconds","Bering Sea","2021-11-16T00:44:10Z",30,64.680336,-169.10066,4,32.1382,32.1269,25.832155,25.823011,0.4926,NA,-0.9345,93.778,NA,342.014,NA,-0.9348,44,NA,NA,NA,NA,NA,"skq202115sc030",29.5,1.819,0.17,12.4,3.29,NA,NA,NA,NA,NA,"030",30,6,"7.8383","93.486","341.245","32.1278","32.1219",25.8246,25.8199,"0.6127","-0.9638","-0.9647",NA,"30.198","64.68033333333334","-169.10066666666665","2021-11-16T00:44:10Z","SKQ202115Sc030_btl","030_btl",30
"E1138.SKQ2021",1,1,FALSE,"SKQ2021","SKQ21 EcoFOCI DBO",30,12,"Niskin; Sterivex 0.22µm filter","95% EtOH","DBO2.2",10,1000,"Matt Galaska",NA,"2021/11/16 00:44:00",64.68,-169.100666666667,"2021/11/16 00:44:10","11/15/21","15:44","169˚ 6.04' W","64˚ 40.8' N","degrees minutes seconds","Bering Sea","2021-11-16T00:44:10Z",10,64.680336,-169.10066,10,32.1327,32.1193,25.828503,25.8177,0.5317,NA,-0.96,93.903,NA,342.719,NA,-0.9616,44,NA,NA,NA,NA,NA,"skq202115sc030",29.9,1.817,0.16,12.4,3.28,NA,NA,NA,NA,NA,"030",30,12,"7.8232","93.326","340.588","32.1302","32.1257",25.8263,25.8228,"0.5651","-0.9565","-0.9574",NA,"10.022","64.68033333333334","-169.10066666666665","2021-11-16T00:44:10Z","SKQ202115Sc030_btl","030_btl",30
"E1139.SKQ2021",1,1,FALSE,"SKQ2021","SKQ21 EcoFOCI DBO",32,3,"Niskin; Sterivex 0.22µm filter","95% EtOH","DBO2.5",44.4,1000,"Matt Galaska",NA,"2021/11/16 07:03:00",64.9898333333333,-169.139833333333,"2021/11/16 07:01:37","11/15/21","22:03","169˚ 8.39' W","64˚ 59.39' N","degrees minutes seconds","Bering Sea","2021-11-16T07:01:37Z",44,64.98983,-169.14017,1,32.1382,32.1266,25.81408,25.804762,0.3039,NA,-0.4231,91.718,NA,329.988,NA,-0.4246,48,NA,NA,NA,NA,NA,"skq202115sc032",28.5,1.788,0.18,11.9,3.34,NA,NA,NA,NA,NA,"032",32,3,"7.5705","91.607","329.589","32.1385","32.1288",25.8143,25.8066,"0.3783","-0.4231","-0.4245",NA,"44.387","64.98983333333334","-169.14016666666666","2021-11-16T07:01:37Z","SKQ202115Sc032_btl","032_btl",32
"E1140.SKQ2021",1,1,FALSE,"SKQ2021","SKQ21 EcoFOCI DBO",32,6,"Niskin; Sterivex 0.22µm filter","95% EtOH","DBO2.5",30.5,1000,"Matt Galaska",NA,"2021/11/16 07:03:00",64.9898333333333,-169.139833333333,"2021/11/16 07:01:37","11/15/21","22:03","169˚ 8.39' W","64˚ 59.39' N","degrees minutes seconds","Bering Sea","2021-11-16T07:01:37Z",30,64.98983,-169.14017,4,32.0875,32.0698,25.778494,25.76425,0.3383,NA,-0.5658,92.612,NA,334.599,NA,-0.5677,48,NA,NA,NA,NA,NA,"skq202115sc032",27.4,1.767,0.18,11.5,3.22,NA,NA,NA,NA,NA,"032",32,6,"7.6369","92.306","332.49","32.1072","32.1014",25.7904,25.7856,"0.3577","-0.4577","-0.4554",NA,"30.409","64.98983333333334","-169.14016666666666","2021-11-16T07:01:37Z","SKQ202115Sc032_btl","032_btl",32
"E1141.SKQ2021",1,1,FALSE,"SKQ2021","SKQ21 EcoFOCI DBO",32,12,"Niskin; Sterivex 0.22µm filter","95% EtOH","DBO2.5",10.4,1000,"Matt Galaska",NA,"2021/11/16 07:03:00",64.9898333333333,-169.139833333333,"2021/11/16 07:01:37","11/15/21","22:03","169˚ 8.39' W","64˚ 59.39' N","degrees minutes seconds","Bering Sea","2021-11-16T07:01:37Z",10,64.98983,-169.14017,10,32.0041,31.9855,25.725433,25.710405,0.4335,NA,-0.9958,92.685,NA,338.938,NA,-0.9971,48,NA,NA,NA,NA,NA,"skq202115sc032",26.3,1.79,0.19,11.4,3.24,NA,NA,NA,NA,NA,"032",32,12,"7.787","92.68","339.047","31.9925","31.987",25.7163,25.7119,"0.4167","-1.0062","-1.0068",NA,"10.457","64.98983333333334","-169.14016666666666","2021-11-16T07:01:37Z","SKQ202115Sc032_btl","032_btl",32
"E1142.SKQ2021",1,1,FALSE,"SKQ2021","SKQ21 EcoFOCI DBO",33,3,"Niskin; Sterivex 0.22µm filter","95% EtOH","DBO2.4",44,1000,"Matt Galaska",NA,"2021/11/16 10:31:00",64.9588333333333,-169.880333333333,"2021/11/16 10:30:20","11/16/21","1:31","169˚ 52.82' W","64˚ 57.53' N","degrees minutes seconds","Bering Sea","2021-11-16T10:30:20Z",44,64.9585,-169.88,1,31.8136,31.8061,25.560852,25.554827,0.3747,NA,-0.6756,85.385,NA,310.051,NA,-0.6768,48,NA,NA,NA,NA,NA,"skq202115sc033",24.4,1.749,0.16,8.3,3.36,NA,NA,NA,NA,NA,"033",33,3,"7.1146","85.311","309.818","31.8136","31.8071",25.561,25.5558,"0.3674","-0.6798","-0.681",NA,"44.181","64.9585","-169.88","2021-11-16T10:30:20Z","SKQ202115Sc033_btl","033_btl",33
"E1143.SKQ2021",1,1,FALSE,"SKQ2021","SKQ21 EcoFOCI DBO",33,6,"Niskin; Sterivex 0.22µm filter","95% EtOH","DBO2.4",30.4,1000,"Matt Galaska",NA,"2021/11/16 10:31:00",64.9588333333333,-169.880333333333,"2021/11/16 10:30:20","11/16/21","1:31","169˚ 52.82' W","64˚ 57.53' N","degrees minutes seconds","Bering Sea","2021-11-16T10:30:20Z",30,64.9585,-169.88,4,31.7778,31.7687,25.533325,25.526014,0.4567,NA,-0.7179,86.727,NA,315.37,NA,-0.7195,48,NA,NA,NA,NA,NA,"skq202115sc033",23.9,1.719,0.17,8.1,3.43,NA,NA,NA,NA,NA,"033",33,6,"7.1602","85.804","311.811","31.7915","31.7868",25.5437,25.5399,"0.3932","-0.6973","-0.698",NA,"30.422","64.9585","-169.88","2021-11-16T10:30:20Z","SKQ202115Sc033_btl","033_btl",33
"E1144.SKQ2021",1,1,FALSE,"SKQ2021","SKQ21 EcoFOCI DBO",33,12,"Niskin; Sterivex 0.22µm filter","95% EtOH","DBO2.4",10.2,1000,"Matt Galaska",NA,"2021/11/16 10:31:00",64.9588333333333,-169.880333333333,"2021/11/16 10:30:20","11/16/21","1:31","169˚ 52.82' W","64˚ 57.53' N","degrees minutes seconds","Bering Sea","2021-11-16T10:30:20Z",10,64.9585,-169.88,10,31.7672,31.7566,25.525799,25.51727,0.437,NA,-0.7494,87.032,NA,316.77,NA,-0.7509,48,NA,NA,NA,NA,NA,"skq202115sc033",23.1,1.686,0.18,7.9,3.44,NA,NA,NA,NA,NA,"033",33,12,"7.2751","87.02","316.818","31.7609","31.7563",25.521,25.5174,"0.4396","-0.7583","-0.7604",NA,"10.269","64.9585","-169.88","2021-11-16T10:30:20Z","SKQ202115Sc033_btl","033_btl",33
"E1145.SKQ2021",1,1,FALSE,"SKQ2021","SKQ21 EcoFOCI DBO",34,3,"Niskin; Sterivex 0.22µm filter","95% EtOH","DBO2.3",33.7,1000,"Matt Galaska",NA,"2021/11/16 16:31:00",64.6698333333333,-168.235666666667,"2021/11/16 16:33:52","11/16/21","7:31","168˚ 14.14' W","64˚ 40.19' N","degrees minutes seconds","Bering Sea","2021-11-16T16:33:52Z",34,64.66983,-168.23584,1,32.0658,32.0594,25.724411,25.71932,0.4371,NA,0.2896,93.815,NA,331.464,NA,0.2882,38,NA,NA,NA,NA,NA,"skq202115sc034",18.4,1.294,0.12,6.3,2.18,NA,NA,NA,NA,NA,"034",34,3,"7.5911","93.548","330.515","32.0655","32.0595",25.7241,25.7193,"0.4482","0.2905","0.2891",NA,"33.741","64.66983333333333","-168.23583333333335","2021-11-16T16:33:52Z","SKQ202115Sc034_btl","034_btl",34
"E1146.SKQ2021",1,1,FALSE,"SKQ2021","SKQ21 EcoFOCI DBO",34,9,"Niskin; Sterivex 0.22µm filter","95% EtOH","DBO2.3",10.2,1000,"Matt Galaska",NA,"2021/11/16 16:31:00",64.6698333333333,-168.235666666667,"2021/11/16 16:33:52","11/16/21","7:31","168˚ 14.14' W","64˚ 40.19' N","degrees minutes seconds","Bering Sea","2021-11-16T16:33:52Z",10,64.66983,-168.23584,7,32.0659,32.0579,25.724808,25.718433,0.5167,NA,0.2831,93.638,NA,330.894,NA,0.2816,38,NA,NA,NA,NA,NA,"skq202115sc034",17.3,1.305,0.13,6.3,2.17,NA,NA,NA,NA,NA,"034",34,9,"7.5916","93.547","330.541","32.0632","32.0586",25.7224,25.7187,"0.4172","0.2878","0.2871",NA,"10.198","64.66983333333333","-168.23583333333335","2021-11-16T16:33:52Z","SKQ202115Sc034_btl","034_btl",34
"END.NC.SKQ2021",1,1,TRUE,"SKQ2021","SKQ21 EcoFOCI DBO",NA,NA,"Sterivex 0.22µm filter","95% EtOH",NA,NA,1000,"Matt Galaska",NA,"2021/11/16 00:00:00",NA,NA,NA,"11/16/21",NA,NA,NA,NA,NA,NA,NA,NA,NA,NA,NA,NA,NA,NA,NA,NA,NA,NA,NA,NA,NA,NA,NA,NA,NA,NA,NA,NA,NA,NA,NA,NA,NA,NA,NA,NA,NA,NA,NA,NA,NA,NA,NA,NA,NA,NA,NA,NA,NA,NA,NA,NA,NA,NA,NA,NA,NA,NA,NA,NA
