Sample	lat	long	sites	controls	group1	group2	group3	group4	group5	group6	samp_vol	depth
E1032.OC0821	47.87823333	-124.73565	TeahwhiteHead	NA	deep	2021	Aug	2021_Aug	OCNMS	Niskin	1000	33.3404
E1033.OC0821	47.87823333	-124.73565	TeahwhiteHead	NA	deep	2021	Aug	2021_Aug	OCNMS	Niskin	1000	33.02
E1034.OC0821	47.87823333	-124.73565	TeahwhiteHead	NA	deep	2021	Aug	2021_Aug	OCNMS	Niskin	1000	32.9666
E1053.SKQ2021	67.67663333	-168.9495	DBO3.8	NA	deep	2021	Nov	2021_Nov	SKQ21	Niskin	1000	46
E1054.SKQ2021	67.67663333	-168.9495	DBO3.8	NA	mid	2021	Nov	2021_Nov	SKQ21	Niskin	1000	30
E1055.SKQ2021	67.67663333	-168.9495	DBO3.8	NA	surface	2021	Nov	2021_Nov	SKQ21	Niskin	1000	10
E1056.SKQ2021	71.19315	-160.2647333	DBO4.1	NA	deep	2021	Nov	2021_Nov	SKQ21	Niskin	1000	49
E1057.SKQ2021	71.19315	-160.2647333	DBO4.1	NA	mid	2021	Nov	2021_Nov	SKQ21	Niskin	1000	30
E1058.SKQ2021	71.19315	-160.2647333	DBO4.1	NA	surface	2021	Nov	2021_Nov	SKQ21	Niskin	1000	10
E1059.SKQ2021	71.3218	-160.6566667	DBO4.2	NA	deep	2021	Nov	2021_Nov	SKQ21	Niskin	1000	43
E1060.SKQ2021	71.3218	-160.6566667	DBO4.2	NA	mid	2021	Nov	2021_Nov	SKQ21	Niskin	1000	30
E1061.SKQ2021	71.3218	-160.6566667	DBO4.2	NA	surface	2021	Nov	2021_Nov	SKQ21	Niskin	1000	10
E1062.SKQ2021	71.45433333	-161.0393833	DBO4.3	NA	deep	2021	Nov	2021_Nov	SKQ21	Niskin	1000	43
E1063.SKQ2021	71.45433333	-161.0393833	DBO4.3	NA	mid	2021	Nov	2021_Nov	SKQ21	Niskin	1000	30
E1064.SKQ2021	71.45433333	-161.0393833	DBO4.3	NA	surface	2021	Nov	2021_Nov	SKQ21	Niskin	1000	10
E1065.SKQ2021	71.589	-161.4058333	DBO4.4	NA	deep	2021	Nov	2021_Nov	SKQ21	Niskin	1000	43
E1066.SKQ2021	71.589	-161.4058333	DBO4.4	NA	mid	2021	Nov	2021_Nov	SKQ21	Niskin	1000	30
E1067.SKQ2021	71.589	-161.4058333	DBO4.4	NA	surface	2021	Nov	2021_Nov	SKQ21	Niskin	1000	10
E1068.SKQ2021	71.59083333	-161.5248333	CEO	NA	deep	2021	Nov	2021_Nov	SKQ21	Niskin	1000	42
E1069.SKQ2021	71.59083333	-161.5248333	CEO	NA	mid	2021	Nov	2021_Nov	SKQ21	Niskin	1000	30
E1070.SKQ2021	71.59083333	-161.5248333	CEO	NA	surface	2021	Nov	2021_Nov	SKQ21	Niskin	1000	10
E1071.SKQ2021	71.71866667	-161.7747167	DBO4.5	NA	deep	2021	Nov	2021_Nov	SKQ21	Niskin	1000	39
E1072.SKQ2021	71.71866667	-161.7747167	DBO4.5	NA	mid	2021	Nov	2021_Nov	SKQ21	Niskin	1000	30
E1073.SKQ2021	71.71866667	-161.7747167	DBO4.5	NA	surface	2021	Nov	2021_Nov	SKQ21	Niskin	1000	10
E1074.SKQ2021	71.8507	-162.17025	DBO4.6	NA	deep	2021	Nov	2021_Nov	SKQ21	Niskin	1000	37
E1075.SKQ2021	71.8507	-162.17025	DBO4.6	NA	mid	2021	Nov	2021_Nov	SKQ21	Niskin	1000	30.6
E1076.SKQ2021	71.8507	-162.17025	DBO4.6	NA	surface	2021	Nov	2021_Nov	SKQ21	Niskin	1000	10.5
E1077.SKQ2021	71	-164	C2	NA	deep	2021	Nov	2021_Nov	SKQ21	Niskin	1000	40.3
E1078.SKQ2021	71	-164	C2	NA	mid	2021	Nov	2021_Nov	SKQ21	Niskin	1000	30.4
E1079.SKQ2021	71	-164	C2	NA	surface	2021	Nov	2021_Nov	SKQ21	Niskin	1000	10
E1080.SKQ2021	68.304	-166.9293667	DBO3.1	NA	deep	2021	Nov	2021_Nov	SKQ21	Niskin	1000	30
E1081.SKQ2021	68.304	-166.9293667	DBO3.1	NA	surface	2021	Nov	2021_Nov	SKQ21	Niskin	1000	10
E1082.SKQ2021	68.25066667	-167.12175	DBO3.2	NA	deep	2021	Nov	2021_Nov	SKQ21	Niskin	1000	38.4
E1083.SKQ2021	68.25066667	-167.12175	DBO3.2	NA	mid	2021	Nov	2021_Nov	SKQ21	Niskin	1000	30.6
E1084.SKQ2021	68.25066667	-167.12175	DBO3.2	NA	surface	2021	Nov	2021_Nov	SKQ21	Niskin	1000	9.9
E1085.SKQ2021	68.19051667	-167.2911667	DBO3.3	NA	deep	2021	Nov	2021_Nov	SKQ21	Niskin	1000	43
E1086.SKQ2021	68.19051667	-167.2911667	DBO3.3	NA	mid	2021	Nov	2021_Nov	SKQ21	Niskin	1000	30
E1087.SKQ2021	68.19051667	-167.2911667	DBO3.3	NA	surface	2021	Nov	2021_Nov	SKQ21	Niskin	1000	9.6
E1088.SKQ2021	68.11666667	-167.4833333	DBO3.4	NA	deep	2021	Nov	2021_Nov	SKQ21	Niskin	1000	45
E1089.SKQ2021	68.11666667	-167.4833333	DBO3.4	NA	mid	2021	Nov	2021_Nov	SKQ21	Niskin	1000	30
E1090.SKQ2021	68.11666667	-167.4833333	DBO3.4	NA	surface	2021	Nov	2021_Nov	SKQ21	Niskin	1000	10
E1091.SKQ2021	68.013	-167.8853333	DBO3.5	NA	deep	2021	Nov	2021_Nov	SKQ21	Niskin	1000	48.5
E1092.SKQ2021	68.013	-167.8853333	DBO3.5	NA	mid	2021	Nov	2021_Nov	SKQ21	Niskin	1000	30.6
E1093.SKQ2021	68.013	-167.8853333	DBO3.5	NA	surface	2021	Nov	2021_Nov	SKQ21	Niskin	1000	10.2
E1094.SKQ2021	68.88333333	-167.2166667	DBO3.6	NA	deep	2021	Nov	2021_Nov	SKQ21	Niskin	1000	52.7
E1095.SKQ2021	68.88333333	-167.2166667	DBO3.6	NA	mid	2021	Nov	2021_Nov	SKQ21	Niskin	1000	30.3
E1096.SKQ2021	68.88333333	-167.2166667	DBO3.6	NA	surface	2021	Nov	2021_Nov	SKQ21	Niskin	1000	10.3
E1097.SKQ2021	67.78283333	-168.5949667	DBO3.7	NA	deep	2021	Nov	2021_Nov	SKQ21	Niskin	1000	45
E1098.SKQ2021	67.78283333	-168.5949667	DBO3.7	NA	mid	2021	Nov	2021_Nov	SKQ21	Niskin	1000	30
E1099.SKQ2021	67.78283333	-168.5949667	DBO3.7	NA	surface	2021	Nov	2021_Nov	SKQ21	Niskin	1000	10
E1100.SKQ2021	62.20133333	-174.68	M8	NA	deep	2021	Nov	2021_Nov	SKQ21	Niskin	1000	68.4
E1101.SKQ2021	62.20133333	-174.68	M8	NA	mid	2021	Nov	2021_Nov	SKQ21	Niskin	1000	31.1
E1102.SKQ2021	62.20133333	-174.68	M8	NA	surface	2021	Nov	2021_Nov	SKQ21	Niskin	1000	10
E1103.SKQ2021	62	-175.0666667	DBO1.1	NA	deep	2021	Nov	2021_Nov	SKQ21	Niskin	1000	73.9
E1104.SKQ2021	62	-175.0666667	DBO1.1	NA	mid	2021	Nov	2021_Nov	SKQ21	Niskin	1000	30.3
E1105.SKQ2021	62	-175.0666667	DBO1.1	NA	surface	2021	Nov	2021_Nov	SKQ21	Niskin	1000	9.8
E1106.SKQ2021	62.04928333	-175.2086333	DBO1.2	NA	deep	2021	Nov	2021_Nov	SKQ21	Niskin	1000	75.9
E1107.SKQ2021	62.04928333	-175.2086333	DBO1.2	NA	mid	2021	Nov	2021_Nov	SKQ21	Niskin	1000	30.8
E1108.SKQ2021	62.04928333	-175.2086333	DBO1.2	NA	surface	2021	Nov	2021_Nov	SKQ21	Niskin	1000	10
E1109.SKQ2021	62.22	-174.8778333	DBO1.3	NA	deep	2021	Nov	2021_Nov	SKQ21	Niskin	1000	69.7
E1110.SKQ2021	62.22	-174.8778333	DBO1.3	NA	mid	2021	Nov	2021_Nov	SKQ21	Niskin	1000	30.5
E1111.SKQ2021	62.22	-174.8778333	DBO1.3	NA	surface	2021	Nov	2021_Nov	SKQ21	Niskin	1000	9.9
E1112.SKQ2021	62.39033333	-174.5716	DBO1.4	NA	deep	2021	Nov	2021_Nov	SKQ21	Niskin	1000	65.4
E1113.SKQ2021	62.39033333	-174.5716	DBO1.4	NA	mid	2021	Nov	2021_Nov	SKQ21	Niskin	1000	30.3
E1114.SKQ2021	62.39033333	-174.5716	DBO1.4	NA	surface	2021	Nov	2021_Nov	SKQ21	Niskin	1000	10.2
E1115.SKQ2021	62.46833333	-174.0845	DBO1.5	NA	deep	2021	Nov	2021_Nov	SKQ21	Niskin	1000	62.6
E1116.SKQ2021	62.46833333	-174.0845	DBO1.5	NA	mid	2021	Nov	2021_Nov	SKQ21	Niskin	1000	29.5
E1117.SKQ2021	62.46833333	-174.0845	DBO1.5	NA	surface	2021	Nov	2021_Nov	SKQ21	Niskin	1000	9.8
E1118.SKQ2021	62.5605	-173.55045	DBO1.6	NA	deep	2021	Nov	2021_Nov	SKQ21	Niskin	1000	60.2
E1119.SKQ2021	62.5605	-173.55045	DBO1.6	NA	mid	2021	Nov	2021_Nov	SKQ21	Niskin	1000	30.6
E1120.SKQ2021	62.5605	-173.55045	DBO1.6	NA	surface	2021	Nov	2021_Nov	SKQ21	Niskin	1000	10.9
E1121.SKQ2021	62.7875	-173.5004167	DBO1.7	NA	deep	2021	Nov	2021_Nov	SKQ21	Niskin	1000	65.6
E1122.SKQ2021	62.7875	-173.5004167	DBO1.7	NA	mid	2021	Nov	2021_Nov	SKQ21	Niskin	1000	31.2
E1123.SKQ2021	62.7875	-173.5004167	DBO1.7	NA	surface	2021	Nov	2021_Nov	SKQ21	Niskin	1000	10.9
E1124.SKQ2021	63.03016667	-173.461	DBO1.8	NA	deep	2021	Nov	2021_Nov	SKQ21	Niskin	1000	64.9
E1125.SKQ2021	63.03016667	-173.461	DBO1.8	NA	mid	2021	Nov	2021_Nov	SKQ21	Niskin	1000	30.4
E1126.SKQ2021	63.03016667	-173.461	DBO1.8	NA	surface	2021	Nov	2021_Nov	SKQ21	Niskin	1000	10.8
E1127.SKQ2021	63.27833333	-173.281	DBO1.9	NA	deep	2021	Nov	2021_Nov	SKQ21	Niskin	1000	60.9
E1128.SKQ2021	63.27833333	-173.281	DBO1.9	NA	mid	2021	Nov	2021_Nov	SKQ21	Niskin	1000	30.6
E1129.SKQ2021	63.27833333	-173.281	DBO1.9	NA	surface	2021	Nov	2021_Nov	SKQ21	Niskin	1000	10.6
E1130.SKQ2021	63.60483333	-172.5931667	DBO1.10	NA	deep	2021	Nov	2021_Nov	SKQ21	Niskin	1000	45.5
E1131.SKQ2021	63.60483333	-172.5931667	DBO1.10	NA	mid	2021	Nov	2021_Nov	SKQ21	Niskin	1000	29.7
E1132.SKQ2021	63.60483333	-172.5931667	DBO1.10	NA	surface	2021	Nov	2021_Nov	SKQ21	Niskin	1000	10.5
E1133.SKQ2021	64.67016667	-169.9187	DBO2.1	NA	deep	2021	Nov	2021_Nov	SKQ21	Niskin	1000	42.6
E1134.SKQ2021	64.67016667	-169.9187	DBO2.1	NA	mid	2021	Nov	2021_Nov	SKQ21	Niskin	1000	30.1
E1135.SKQ2021	64.67016667	-169.9187	DBO2.1	NA	surface	2021	Nov	2021_Nov	SKQ21	Niskin	1000	10.4
E1136.SKQ2021	64.68	-169.1006667	DBO2.2	NA	deep	2021	Nov	2021_Nov	SKQ21	Niskin	1000	40.8
E1137.SKQ2021	64.68	-169.1006667	DBO2.2	NA	mid	2021	Nov	2021_Nov	SKQ21	Niskin	1000	30.2
E1138.SKQ2021	64.68	-169.1006667	DBO2.2	NA	surface	2021	Nov	2021_Nov	SKQ21	Niskin	1000	10
E1139.SKQ2021	64.98983333	-169.1398333	DBO2.5	NA	deep	2021	Nov	2021_Nov	SKQ21	Niskin	1000	44.4
E1140.SKQ2021	64.98983333	-169.1398333	DBO2.5	NA	mid	2021	Nov	2021_Nov	SKQ21	Niskin	1000	30.5
E1141.SKQ2021	64.98983333	-169.1398333	DBO2.5	NA	surface	2021	Nov	2021_Nov	SKQ21	Niskin	1000	10.4
E1142.SKQ2021	64.95883333	-169.8803333	DBO2.4	NA	deep	2021	Nov	2021_Nov	SKQ21	Niskin	1000	44
E1143.SKQ2021	64.95883333	-169.8803333	DBO2.4	NA	mid	2021	Nov	2021_Nov	SKQ21	Niskin	1000	30.4
E1144.SKQ2021	64.95883333	-169.8803333	DBO2.4	NA	surface	2021	Nov	2021_Nov	SKQ21	Niskin	1000	10.2
E1145.SKQ2021	64.66983333	-168.2356667	DBO2.3	NA	deep	2021	Nov	2021_Nov	SKQ21	Niskin	1000	33.7
E1146.SKQ2021	64.66983333	-168.2356667	DBO2.3	NA	surface	2021	Nov	2021_Nov	SKQ21	Niskin	1000	10.2
E1172.OC0622	47.87831667	-124.73645	TeahwhiteHead	NA	deep	2022	Jun	2022_Jun	OCNMS	Niskin	1000	32.4282
E1173.OC0622	47.87831667	-124.73645	TeahwhiteHead	NA	deep	2022	Jun	2022_Jun	OCNMS	Niskin	1000	32.1612
E1174.OC0622	47.87831667	-124.73645	TeahwhiteHead	NA	deep	2022	Jun	2022_Jun	OCNMS	Niskin	1000	32.4816
E1229.OC0822	47.87553333	-124.7332	TeahwhiteHead	NA	deep	2022	Aug	2022_Aug	OCNMS	Niskin	1000	32.802
E1230.OC0822	47.87553333	-124.7332	TeahwhiteHead	NA	deep	2022	Aug	2022_Aug	OCNMS	Niskin	1000	32.8554
E1231.OC0822	47.87553333	-124.7332	TeahwhiteHead	NA	deep	2022	Aug	2022_Aug	OCNMS	Niskin	1000	33.0154
E1240.OC0922	47.87445	-124.7345	TeahwhiteHead	NA	deep	2022	Aug	2022_Aug	OCNMS	PPS	1000	34
E1241.OC0922	47.87445	-124.7345	TeahwhiteHead	NA	deep	2022	Aug	2022_Aug	OCNMS	PPS	1000	34
E1242.OC0922	47.87445	-124.7345	TeahwhiteHead	NA	deep	2022	Aug	2022_Aug	OCNMS	PPS	1000	34
E1243.OC0922	47.87445	-124.7345	TeahwhiteHead	NA	deep	2022	Aug	2022_Aug	OCNMS	PPS	1000	34
E1244.OC0922	47.87445	-124.7345	TeahwhiteHead	NA	deep	2022	Aug	2022_Aug	OCNMS	PPS	1000	34
E1245.OC0922	47.87445	-124.7345	TeahwhiteHead	NA	deep	2022	Aug	2022_Aug	OCNMS	PPS	1000	34
E1246.OC0922	47.87445	-124.7345	TeahwhiteHead	NA	deep	2022	Aug	2022_Aug	OCNMS	PPS	1000	34
E1247.OC0922	47.87445	-124.7345	TeahwhiteHead	NA	deep	2022	Aug	2022_Aug	OCNMS	PPS	1000	34
E1248.OC0922	47.87445	-124.7345	TeahwhiteHead	NA	deep	2022	Aug	2022_Aug	OCNMS	PPS	1000	34
E1249.OC0922	47.87445	-124.7345	TeahwhiteHead	NA	deep	2022	Sep	2022_Sep	OCNMS	PPS	1000	34
E1250.OC0922	47.87445	-124.7345	TeahwhiteHead	NA	deep	2022	Sep	2022_Sep	OCNMS	PPS	1000	34
E1251.OC0922	47.87445	-124.7345	TeahwhiteHead	NA	deep	2022	Sep	2022_Sep	OCNMS	PPS	1000	34
E1252.OC0922	47.87445	-124.7345	TeahwhiteHead	NA	deep	2022	Sep	2022_Sep	OCNMS	PPS	1000	34
E1253.OC0922	47.87445	-124.7345	TeahwhiteHead	NA	deep	2022	Sep	2022_Sep	OCNMS	PPS	1000	34
E1254.OC0922	47.87445	-124.7345	TeahwhiteHead	NA	deep	2022	Sep	2022_Sep	OCNMS	PPS	1000	34
E1255.OC0922	47.87445	-124.7345	TeahwhiteHead	NA	deep	2022	Sep	2022_Sep	OCNMS	PPS	1000	34
E1256.OC0922	47.87445	-124.7345	TeahwhiteHead	NA	deep	2022	Sep	2022_Sep	OCNMS	PPS	1000	34
E1257.OC0922	47.87445	-124.7345	TeahwhiteHead	NA	deep	2022	Sep	2022_Sep	OCNMS	PPS	1000	34
E1258.OC0922	47.87445	-124.7345	TeahwhiteHead	NA	deep	2022	Sep	2022_Sep	OCNMS	PPS	1000	34
E1259.OC0922	47.87445	-124.7345	TeahwhiteHead	NA	deep	2022	Sep	2022_Sep	OCNMS	PPS	1000	34
E1260.OC0922	47.87445	-124.7345	TeahwhiteHead	NA	deep	2022	Sep	2022_Sep	OCNMS	PPS	1000	34
E1261.OC0922	47.87445	-124.7345	TeahwhiteHead	NA	deep	2022	Sep	2022_Sep	OCNMS	PPS	1000	34
E1262.OC0922	47.87445	-124.7345	TeahwhiteHead	NA	deep	2022	Sep	2022_Sep	OCNMS	PPS	1000	34
E1263.OC0922	47.87445	-124.7345	TeahwhiteHead	NA	deep	2022	Sep	2022_Sep	OCNMS	PPS	1000	34
E1265.OC0922	47.87445	-124.7345	TeahwhiteHead	NA	deep	2022	Sep	2022_Sep	OCNMS	Niskin	1000	33.2286
E1266.OC0922	47.87445	-124.7345	TeahwhiteHead	NA	deep	2022	Sep	2022_Sep	OCNMS	Niskin	1000	32.6952
E1267.OC0922	47.87445	-124.7345	TeahwhiteHead	NA	deep	2022	Sep	2022_Sep	OCNMS	Niskin	1000	33.0688
E1275.OC1021	47.87788333	-124.739	TeahwhiteHead	NA	deep	2021	Aug	2021_Aug	OCNMS	PPS	1000	34
E1276.OC1021	47.87788333	-124.739	TeahwhiteHead	NA	deep	2021	Aug	2021_Aug	OCNMS	PPS	1000	34
E1277.OC1021	47.87788333	-124.739	TeahwhiteHead	NA	deep	2021	Aug	2021_Aug	OCNMS	PPS	1000	34
E1278.OC1021	47.87788333	-124.739	TeahwhiteHead	NA	deep	2021	Aug	2021_Aug	OCNMS	PPS	1000	34
E1279.OC1021	47.87788333	-124.739	TeahwhiteHead	NA	deep	2021	Sep	2021_Sep	OCNMS	PPS	1000	34
E1280.OC1021	47.87788333	-124.739	TeahwhiteHead	NA	deep	2021	Sep	2021_Sep	OCNMS	PPS	1000	34
E1281.OC1021	47.87788333	-124.739	TeahwhiteHead	NA	deep	2021	Sep	2021_Sep	OCNMS	PPS	1000	34
E1282.OC1021	47.87788333	-124.739	TeahwhiteHead	NA	deep	2021	Sep	2021_Sep	OCNMS	PPS	1000	34
E1283.OC1021	47.87788333	-124.739	TeahwhiteHead	NA	deep	2021	Sep	2021_Sep	OCNMS	PPS	1000	34
E1284.OC1021	47.87788333	-124.739	TeahwhiteHead	NA	deep	2021	Sep	2021_Sep	OCNMS	PPS	1000	34
E1285.OC1021	47.87788333	-124.739	TeahwhiteHead	NA	deep	2021	Sep	2021_Sep	OCNMS	PPS	1000	34
E1286.OC1021	47.87788333	-124.739	TeahwhiteHead	NA	deep	2021	Sep	2021_Sep	OCNMS	PPS	1000	34
E1287.OC1021	47.87788333	-124.739	TeahwhiteHead	NA	deep	2021	Sep	2021_Sep	OCNMS	PPS	1000	34
E1288.OC1021	47.87788333	-124.739	TeahwhiteHead	NA	deep	2021	Sep	2021_Sep	OCNMS	PPS	1000	34
E1289.OC1021	47.87788333	-124.739	TeahwhiteHead	NA	deep	2021	Sep	2021_Sep	OCNMS	PPS	1000	34
E1290.OC1021	47.87788333	-124.739	TeahwhiteHead	NA	deep	2021	Sep	2021_Sep	OCNMS	PPS	1000	34
E1291.OC1021	47.87788333	-124.739	TeahwhiteHead	NA	deep	2021	Sep	2021_Sep	OCNMS	PPS	1000	34
E1292.OC1021	47.87788333	-124.739	TeahwhiteHead	NA	deep	2021	Sep	2021_Sep	OCNMS	PPS	1000	34
E1293.OC1021	47.87788333	-124.739	TeahwhiteHead	NA	deep	2021	Sep	2021_Sep	OCNMS	PPS	1000	34
E1294.OC1021	47.87788333	-124.739	TeahwhiteHead	NA	deep	2021	Sep	2021_Sep	OCNMS	PPS	1000	34
E1295.OC1021	47.87788333	-124.739	TeahwhiteHead	NA	deep	2021	Sep	2021_Sep	OCNMS	PPS	1000	34
E1296.OC1021	47.87788333	-124.739	TeahwhiteHead	NA	deep	2021	Sep	2021_Sep	OCNMS	PPS	1000	34
E1297.OC1021	47.87788333	-124.739	TeahwhiteHead	NA	deep	2021	Sep	2021_Sep	OCNMS	PPS	1000	34
E1298.OC1021	47.87788333	-124.739	TeahwhiteHead	NA	deep	2021	Sep	2021_Sep	OCNMS	PPS	1000	34
E1299.OC1021	47.35015	-124.4854333	CapeElizabeth	NA	deep	2021	Aug	2021_Aug	OCNMS	PPS	1000	34
E1300.OC1021	47.35015	-124.4854333	CapeElizabeth	NA	deep	2021	Aug	2021_Aug	OCNMS	PPS	1000	34
E1301.OC1021	47.35015	-124.4854333	CapeElizabeth	NA	deep	2021	Aug	2021_Aug	OCNMS	PPS	1000	34
E1302.OC1021	47.35015	-124.4854333	CapeElizabeth	NA	deep	2021	Aug	2021_Aug	OCNMS	PPS	1000	34
E1303.OC1021	47.35015	-124.4854333	CapeElizabeth	NA	deep	2021	Sep	2021_Sep	OCNMS	PPS	1000	34
E1304.OC1021	47.35015	-124.4854333	CapeElizabeth	NA	deep	2021	Sep	2021_Sep	OCNMS	PPS	1000	34
E1305.OC1021	47.35015	-124.4854333	CapeElizabeth	NA	deep	2021	Sep	2021_Sep	OCNMS	PPS	1000	34
E1306.OC1021	47.35015	-124.4854333	CapeElizabeth	NA	deep	2021	Sep	2021_Sep	OCNMS	PPS	1000	34
E1307.OC1021	47.35015	-124.4854333	CapeElizabeth	NA	deep	2021	Sep	2021_Sep	OCNMS	PPS	1000	34
E1308.OC1021	47.35015	-124.4854333	CapeElizabeth	NA	deep	2021	Sep	2021_Sep	OCNMS	PPS	1000	34
E1309.OC1021	47.35015	-124.4854333	CapeElizabeth	NA	deep	2021	Sep	2021_Sep	OCNMS	PPS	1000	34
E1310.OC1021	47.35015	-124.4854333	CapeElizabeth	NA	deep	2021	Sep	2021_Sep	OCNMS	PPS	1000	34
E1312.OC1021	47.35015	-124.4854333	CapeElizabeth	NA	deep	2021	Sep	2021_Sep	OCNMS	PPS	1000	34
E1313.OC1021	47.35015	-124.4854333	CapeElizabeth	NA	deep	2021	Sep	2021_Sep	OCNMS	PPS	1000	34
E1315.OC1021	47.35015	-124.4854333	CapeElizabeth	NA	deep	2021	Sep	2021_Sep	OCNMS	PPS	1000	34
E1316.OC1021	47.35015	-124.4854333	CapeElizabeth	NA	deep	2021	Sep	2021_Sep	OCNMS	PPS	1000	34
E1317.OC1021	47.35015	-124.4854333	CapeElizabeth	NA	deep	2021	Sep	2021_Sep	OCNMS	PPS	1000	34
E1318.OC1021	47.35015	-124.4854333	CapeElizabeth	NA	deep	2021	Sep	2021_Sep	OCNMS	PPS	1000	34
E1319.OC1021	47.35015	-124.4854333	CapeElizabeth	NA	deep	2021	Sep	2021_Sep	OCNMS	PPS	1000	34
E1320.OC1021	47.35015	-124.4854333	CapeElizabeth	NA	deep	2021	Sep	2021_Sep	OCNMS	PPS	1000	34
E1321.OC1021	47.35015	-124.4854333	CapeElizabeth	NA	deep	2021	Sep	2021_Sep	OCNMS	PPS	1000	34
E1322.OC1021	47.35015	-124.4854333	CapeElizabeth	NA	deep	2021	Sep	2021_Sep	OCNMS	PPS	1000	34
E1323.OC1021	47.87788333	-124.739	TeahwhiteHead	NA	deep	2021	Oct	2021_Oct	OCNMS	Niskin	1000	33
E1324.OC1021	47.87788333	-124.739	TeahwhiteHead	NA	deep	2021	Oct	2021_Oct	OCNMS	Niskin	1000	33
E1325.OC1021	47.87788333	-124.739	TeahwhiteHead	NA	deep	2021	Oct	2021_Oct	OCNMS	Niskin	1000	33
E1389.OC0722	47.87831667	-124.73645	TeahwhiteHead	NA	deep	2022	Jul	2022_Jul	OCNMS	Niskin	1000	32.9098
E1390.OC0722	47.87831667	-124.73645	TeahwhiteHead	NA	deep	2022	Jul	2022_Jul	OCNMS	Niskin	1000	33.337
E1391.OC0722	47.87831667	-124.73645	TeahwhiteHead	NA	deep	2022	Jul	2022_Jul	OCNMS	Niskin	1000	33.337
E1403.OC0722	47.87831667	-124.73645	TeahwhiteHead	NA	deep	2022	Jun	2022_Jun	OCNMS	PPS	1000	33.7088
E1404.OC0722	47.87831667	-124.73645	TeahwhiteHead	NA	deep	2022	Jun	2022_Jun	OCNMS	PPS	87	33.7088
E1406.OC0722	47.87831667	-124.73645	TeahwhiteHead	NA	deep	2022	Jun	2022_Jun	OCNMS	PPS	1000	33.7088
E1408.OC0722	47.87831667	-124.73645	TeahwhiteHead	NA	deep	2022	Jun	2022_Jun	OCNMS	PPS	28	33.7088
E1410.OC0722	47.87831667	-124.73645	TeahwhiteHead	NA	deep	2022	Jun	2022_Jun	OCNMS	PPS	1000	33.7088
E1412.OC0722	47.87831667	-124.73645	TeahwhiteHead	NA	deep	2022	Jul	2022_Jul	OCNMS	PPS	1000	33.7088
E1414.OC0722	47.87831667	-124.73645	TeahwhiteHead	NA	deep	2022	Jul	2022_Jul	OCNMS	PPS	812	33.7088
E1416.OC0722	47.87831667	-124.73645	TeahwhiteHead	NA	deep	2022	Jul	2022_Jul	OCNMS	PPS	216	33.7088
E1418.OC0722	47.87831667	-124.73645	TeahwhiteHead	NA	deep	2022	Jul	2022_Jul	OCNMS	PPS	1000	33.7088
E1420.OC0722	47.87831667	-124.73645	TeahwhiteHead	NA	deep	2022	Jul	2022_Jul	OCNMS	PPS	1000	33.7088
E1422.OC0722	47.87831667	-124.73645	TeahwhiteHead	NA	deep	2022	Jul	2022_Jul	OCNMS	PPS	479	33.7088
E1424.OC0722	47.87831667	-124.73645	TeahwhiteHead	NA	deep	2022	Jul	2022_Jul	OCNMS	PPS	87	33.7088
E1426.OC0722	47.87831667	-124.73645	TeahwhiteHead	NA	deep	2022	Jul	2022_Jul	OCNMS	PPS	1000	33.7088
E1845.OC0623	47.87831667	-124.73645	TeahwhiteHead	NA	deep	2023	Jun	2023_Jun	OCNMS	Niskin	1000	33.5256
E1846.OC0623	47.87831667	-124.73645	TeahwhiteHead	NA	deep	2023	Jun	2023_Jun	OCNMS	Niskin	1000	34.1672
E1847.OC0623	47.87831667	-124.73645	TeahwhiteHead	NA	deep	2023	Jun	2023_Jun	OCNMS	Niskin	1000	34.1672
E1849.OC0723	47.87831667	-124.73645	TeahwhiteHead	NA	deep	2023	Jul	2023_Jul	OCNMS	PPS	1000	34
E1850.OC0723	47.87831667	-124.73645	TeahwhiteHead	NA	deep	2023	Jul	2023_Jul	OCNMS	PPS	1001	34
E1851.OC0723	47.87831667	-124.73645	TeahwhiteHead	NA	deep	2023	Jul	2023_Jul	OCNMS	PPS	1001	34
E1852.OC0723	47.87831667	-124.73645	TeahwhiteHead	NA	deep	2023	Jul	2023_Jul	OCNMS	PPS	1001	34
E1853.OC0723	47.87831667	-124.73645	TeahwhiteHead	NA	deep	2023	Jul	2023_Jul	OCNMS	PPS	1001	34
E1854.OC0723	47.87831667	-124.73645	TeahwhiteHead	NA	deep	2023	Jul	2023_Jul	OCNMS	PPS	1001	34
E1855.OC0723	47.87831667	-124.73645	TeahwhiteHead	NA	deep	2023	Jul	2023_Jul	OCNMS	PPS	1001	34
E1856.OC0723	47.87831667	-124.73645	TeahwhiteHead	NA	deep	2023	Jul	2023_Jul	OCNMS	PPS	1001	34
E1857.OC0723	47.87831667	-124.73645	TeahwhiteHead	NA	deep	2023	Jul	2023_Jul	OCNMS	PPS	1001	34
E1858.OC0723	47.87831667	-124.73645	TeahwhiteHead	NA	deep	2023	Jul	2023_Jul	OCNMS	PPS	1001	34
E1859.OC0723	47.87831667	-124.73645	TeahwhiteHead	NA	deep	2023	Jul	2023_Jul	OCNMS	PPS	1001	34
E1860.OC0723	47.87831667	-124.73645	TeahwhiteHead	NA	deep	2023	Jul	2023_Jul	OCNMS	PPS	1001	34
E1861.OC0723	47.87831667	-124.73645	TeahwhiteHead	NA	deep	2023	Jul	2023_Jul	OCNMS	PPS	1001	34
E1862.OC0723	47.87831667	-124.73645	TeahwhiteHead	NA	deep	2023	Jul	2023_Jul	OCNMS	PPS	1001	34
E1863.OC0723	47.87831667	-124.73645	TeahwhiteHead	NA	deep	2023	Jul	2023_Jul	OCNMS	PPS	1001	34
E1864.OC0723	47.87831667	-124.73645	TeahwhiteHead	NA	deep	2023	Jul	2023_Jul	OCNMS	PPS	1001	34
E1865.OC0723	47.87831667	-124.73645	TeahwhiteHead	NA	deep	2023	Jul	2023_Jul	OCNMS	PPS	1000	34
E1866.OC0723	47.87831667	-124.73645	TeahwhiteHead	NA	deep	2023	Jul	2023_Jul	OCNMS	PPS	1001	34
E1867.OC0723	47.87831667	-124.73645	TeahwhiteHead	NA	deep	2023	Jul	2023_Jul	OCNMS	PPS	1001	34
E1868.OC0723	47.87831667	-124.73645	TeahwhiteHead	NA	deep	2023	Jul	2023_Jul	OCNMS	PPS	1001	34
E1869.OC0723	47.87831667	-124.73645	TeahwhiteHead	NA	deep	2023	Jul	2023_Jul	OCNMS	PPS	1001	34
E1870.OC0723	47.87831667	-124.73645	TeahwhiteHead	NA	deep	2023	Jul	2023_Jul	OCNMS	PPS	1001	34
E1871.OC0723	47.87831667	-124.73645	TeahwhiteHead	NA	deep	2023	Jul	2023_Jul	OCNMS	PPS	1001	34
E1872.OC0723	47.87831667	-124.73645	TeahwhiteHead	NA	deep	2023	Jul	2023_Jul	OCNMS	PPS	1001	34
E1873.OC0723	47.87831667	-124.73645	TeahwhiteHead	NA	deep	2023	Jul	2023_Jul	OCNMS	Niskin	1000	33.579
E1874.OC0723	47.87831667	-124.73645	TeahwhiteHead	NA	deep	2023	Jul	2023_Jul	OCNMS	Niskin	1000	33.6858
E1875.OC0723	47.87831667	-124.73645	TeahwhiteHead	NA	deep	2023	Jul	2023_Jul	OCNMS	Niskin	1000	33.6858
E2128.OC0919	48.1663	-124.7568333	CANS	NA	surface	2019	Sep	2019_Sep	OCNMS	Bottle	1000	0
E2129.OC0919	48.16601667	-124.8233667	CA42	NA	surface	2019	Sep	2019_Sep	OCNMS	Bottle	1000	0
E2130.OC0919	47.35678333	-124.3481333	CENS	NA	surface	2019	Sep	2019_Sep	OCNMS	Bottle	1000	0
E2131.OC0919	47.35313333	-124.4887333	CE42	NA	surface	2019	Sep	2019_Sep	OCNMS	Bottle	1000	0
E2132.OC0919	47.60083333	-124.4284	CLNS	NA	surface	2019	Sep	2019_Sep	OCNMS	Bottle	1000	0
E2133.OC0919	47.59456667	-124.4970667	CL42	NA	surface	2019	Sep	2019_Sep	OCNMS	Bottle	1000	0
E2134.OC0919	48.32396667	-124.7353833	MB42	NA	surface	2019	Sep	2019_Sep	OCNMS	Bottle	1000	0
E2135.OC0919	47.87611667	-124.6194667	THNS	NA	surface	2019	Sep	2019_Sep	OCNMS	Bottle	1000	0
E2136.OC0919	47.87615	-124.7334167	TH42	NA	surface	2019	Sep	2019_Sep	OCNMS	Bottle	1000	0
E2137.OC0919	47.59456667	-124.4970667	CL42	NA	deep	2019	Sep	2019_Sep	OCNMS	Bottle	1000	NA
E446.WCOA21	47.954	-124.907	ChaBa	NA	deep	2021	Jun	2021_Jun	WCOA	Niskin	1000	77.1_76.2_76.5
E447.WCOA21	47.954	-124.907	ChaBa	NA	surface	2021	Jun	2021_Jun	WCOA	Niskin	1000	10.8
E448.WCOA21	47.954	-124.907	ChaBa	NA	surface	2021	Jun	2021_Jun	WCOA	Niskin	1000	3.3_2.9_3.1
E449.WCOA21	47.946	-124.746	Sokul	NA	mid	2021	Jun	2021_Jun	WCOA	Niskin	1000	25.7_25.3_26
E450.WCOA21	47.946	-124.746	Sokul	NA	surface	2021	Jun	2021_Jun	WCOA	Niskin	1000	3.1_3.6
E475.WCOA21	46.131	-124.031	CR3	NA	mid	2021	Jul	2021_Jul	WCOA	Niskin	1000	19.7
E486.WCOA21	46.129	-124.269	CR13	NA	deep	2021	Jul	2021_Jul	WCOA	Niskin	1000	87.7
E492.WCOA21	46.129	-124.526	CR24	NA	deep	2021	Jul	2021_Jul	WCOA	Niskin	1000	131
E494.WCOA21	46.128	-124.526	CR24	NA	deep	2021	Jul	2021_Jul	WCOA	Niskin	1000	79.7
E496.WCOA21	46.128	-124.526	CR24	NA	mid	2021	Jul	2021_Jul	WCOA	Niskin	1000	20.5_20.3
E498.WCOA21	46.128	-124.527	CR24	NA	surface	2021	Jul	2021_Jul	WCOA	Niskin	350_1000	3.2
E573.WCOA21	44.652	-124.297	NH10	NA	deep	2021	Jul	2021_Jul	WCOA	Niskin	1000	70.4_71.1_70.5
E574.WCOA21	44.652	-124.298	NH10	NA	mid	2021	Jul	2021_Jul	WCOA	Niskin	1000	40.6_39.6_40.4
E575.WCOA21	44.652	-124.298	NH10	NA	surface	2021	Jul	2021_Jul	WCOA	Niskin	1000	4_4.4
E598.WCOA21	44.001	-124.6	HH20	NA	deep	2021	Jul	2021_Jul	WCOA	Niskin	1000	144.2_143.3_143.5
E600.WCOA21	44.001	-124.601	HH20	NA	surface	2021	Jul	2021_Jul	WCOA	Niskin	1000	3.7_3.8
E610.NC.WCOA21	NA	NA	NA	negative	NA	2021	Jul	2021_Jul	WCOA	NA	1000	NA
POSITIVE	NA	NA	NA	positive	NA	NA	NA	NA	NA	NA	NA	NA
